RG667A,1324665868,2013/01/24,KW,347.2,383.2,398.4,368,318.4,304.8,311.2,307.2,312.8,348.8,382.4,376.8,350.4,312.8,299.2,300.8,304.8,310.4,353.6,388.8,377.6,336,318.4,312,327.2,336,380,425.6,432.8,400.8,376,360.8,371.2,376,407.2,429.6,420,385.6,353.6,336,341.6,372,406.4,415.2,399.2,376,352.8,352,392,428,450.4,451.2,396,364,358.4,364.8,385.6,433.6,433.6,423.2,404.8,368,354.4,360,371.2,410.4,432,423.2,384.8,354.4,348.8,350.4,362.4,414.4,439.2,440.8,388.8,354.4,344.8,350.4,360,402.4,433.6,421.6,390.4,347.2,340.8,339.2,340,378.4,414.4,416.8,376,331.2,322.4,320.8,D
RG667A,1324665868,2013/01/25,KW,317.6,334.4,386.4,393.6,380,360.8,330.4,311.2,299.2,296,332,377.6,384,382.4,338.4,299.2,298.4,296,323.2,371.2,404,402.4,368,334.4,328.8,336.8,338.4,380.8,432,450.4,454.4,414.4,365.6,353.6,364,410.4,443.2,441.6,398.4,365.6,352,380.8,448,460.8,452,453.6,455.2,456,453.6,458.4,458.4,462.4,466.4,484.8,482.4,482.4,530.4,545.6,448,456,500.8,536.8,484,444.8,494.4,536,504.8,422.4,473.6,516.8,442.4,425.6,469.6,472,471.2,459.2,460,460.8,456.8,452.8,457.6,450.4,455.2,456,452.8,462.4,459.2,446.4,436.8,435.2,441.6,439.2,436.8,427.2,433.6,420.8,D
RG667A,1324665868,2013/01/26,KW,422.4,402.4,384.8,372.8,374.4,368.8,374.4,369.6,380,402.4,415.2,411.2,408,398.4,360.8,332,333.6,336,345.6,385.6,413.6,420,418.4,405.6,368,344.8,340.8,359.2,414.4,448.8,457.6,453.6,414.4,379.2,377.6,417.6,465.6,468.8,469.6,470.4,471.2,460.8,469.6,467.2,459.2,459.2,455.2,464.8,460.8,455.2,457.6,458.4,459.2,454.4,452,450.4,454.4,459.2,460.8,461.6,460,466.4,468,471.2,469.6,470.4,460,463.2,467.2,465.6,451.2,405.6,371.2,360,375.2,381.6,414.4,448,440.8,421.6,392,369.6,359.2,368.8,372.8,412,437.6,433.6,412,383.2,358.4,351.2,340.8,368.8,409.6,420,D
RG667A,1324665868,2013/01/27,KW,402.4,372.8,321.6,291.2,288.8,326.4,359.2,368,378.4,343.2,312,296,306.4,325.6,349.6,356,346.4,301.6,273.6,287.2,311.2,323.2,357.6,355.2,352.8,347.2,303.2,294.4,300,333.6,343.2,388.8,400,400.8,384.8,356,356,357.6,380,432.8,452.8,447.2,433.6,394.4,375.2,382.4,412,447.2,446.4,445.6,443.2,439.2,413.6,392.8,381.6,388.8,410.4,436.8,439.2,430.4,435.2,435.2,431.2,437.6,432,435.2,399.2,361.6,356,348.8,343.2,342.4,347.2,350.4,388,388,386.4,356,320.8,315.2,340.8,347.2,344.8,336.8,337.6,330.4,336,336,328,324,328,327.2,320,302.4,307.2,302.4,D
RG667A,1324665868,2013/01/28,KW,296.8,301.6,300,296.8,295.2,292.8,300.8,296.8,292,292.8,293.6,295.2,292,294.4,295.2,293.6,295.2,295.2,303.2,300,300.8,301.6,305.6,321.6,315.2,320,327.2,330.4,333.6,336,344.8,352,373.6,377.6,356.8,358.4,355.2,356.8,358.4,349.6,383.2,415.2,421.6,391.2,354.4,340,341.6,362.4,410.4,425.6,424,423.2,381.6,344,343.2,380,419.2,434.4,423.2,429.6,418.4,383.2,357.6,352.8,356.8,356,362.4,405.6,416,381.6,342.4,331.2,333.6,328,325.6,344,377.6,381.6,383.2,358.4,321.6,320.8,322.4,351.2,368,387.2,380.8,353.6,315.2,299.2,318.4,326.4,346.4,342.4,343.2,337.6,D
RG667A,1324665868,2013/01/29,KW,292.8,277.6,280.8,294.4,297.6,297.6,294.4,296,288.8,295.2,292,293.6,293.6,292,292,293.6,294.4,290.4,293.6,315.2,324.8,318.4,314.4,316,323.2,328.8,334.4,340,348,354.4,351.2,360.8,360.8,357.6,365.6,358.4,356.8,356.8,349.6,352.8,350.4,339.2,370.4,400,416.8,388,382.4,352.8,341.6,342.4,346.4,399.2,435.2,433.6,436,429.6,431.2,397.6,366.4,365.6,365.6,416.8,436,436,432.8,434.4,434.4,426.4,370.4,338.4,338.4,339.2,345.6,394.4,409.6,409.6,365.6,343.2,334.4,330.4,334.4,357.6,396,423.2,386.4,359.2,328.8,324,321.6,333.6,374.4,403.2,372.8,324.8,291.2,277.6,D
RG667A,1324665868,2013/01/30,KW,293.6,332.8,360,352,325.6,287.2,267.2,273.6,296.8,320,331.2,328.8,333.6,297.6,266.4,262.4,281.6,311.2,332.8,337.6,336.8,332.8,300.8,288,302.4,335.2,365.6,390.4,392.8,372.8,348.8,332.8,356,396.8,422.4,421.6,414.4,419.2,392,363.2,350.4,360,393.6,448.8,456.8,461.6,452.8,455.2,446.4,422.4,404.8,410.4,424,464,458.4,452.8,465.6,464,459.2,468.8,472.8,506.4,515.2,411.2,453.6,471.2,524.8,435.2,436.8,463.2,460,467.2,462.4,464.8,455.2,441.6,449.6,444,413.6,372.8,359.2,364,391.2,436.8,440,442.4,440,408,360,340.8,346.4,360,396.8,413.6,400.8,390.4,D
RG667A,1324665868,2013/01/31,KW,336.8,320,325.6,315.2,332.8,361.6,374.4,342.4,300,286.4,281.6,283.2,304,337.6,364.8,344,300,279.2,282.4,288,295.2,332,368.8,392,352,332,330.4,317.6,361.6,411.2,444.8,423.2,386.4,374.4,372.8,393.6,432,450.4,452.8,455.2,459.2,456.8,466.4,461.6,461.6,458.4,462.4,466.4,458.4,449.6,444.8,453.6,450.4,453.6,464.8,468.8,464.8,456.8,452.8,472.8,512,514.4,412,464.8,485.6,515.2,401.6,457.6,472,463.2,459.2,462.4,464.8,455.2,458.4,451.2,449.6,440.8,441.6,444,442.4,443.2,399.2,364,352.8,363.2,383.2,415.2,429.6,427.2,408,357.6,340.8,331.2,329.6,357.6,D
RG667A,1324665868,2013/02/01,KW,396.8,394.4,394.4,347.2,309.6,303.2,314.4,322.4,360,385.6,364,345.6,309.6,292,292.8,288.8,324.8,369.6,386.4,358.4,321.6,304.8,310.4,314.4,344,392.8,416.8,409.6,386.4,368.8,370.4,367.2,396.8,442.4,457.6,476.8,469.6,472.8,454.4,431.2,422.4,416,435.2,461.6,484.8,477.6,472.8,468,470.4,472,468,460.8,459.2,467.2,457.6,460,468,466.4,459.2,471.2,469.6,508.8,465.6,417.6,459.2,462.4,456.8,459.2,457.6,463.2,456.8,460,456,460.8,454.4,456.8,449.6,463.2,431.2,382.4,364.8,390.4,420.8,448,452,451.2,436,395.2,361.6,360,355.2,410.4,426.4,422.4,400.8,348,D
RG667A,1324665868,2013/02/02,KW,327.2,330.4,336,350.4,394.4,410.4,396.8,374.4,338.4,324,320.8,316.8,348,387.2,401.6,375.2,333.6,312,305.6,306.4,326.4,365.6,400.8,394.4,368,336.8,335.2,340,348.8,384.8,422.4,437.6,412.8,394.4,364.8,364.8,364.8,374.4,420.8,459.2,462.4,441.6,411.2,380.8,379.2,385.6,439.2,468.8,476.8,464.8,464,470.4,462.4,465.6,455.2,460.8,462.4,464.8,460.8,458.4,473.6,468.8,471.2,471.2,470.4,467.2,468,468.8,472.8,461.6,449.6,399.2,381.6,380.8,389.6,434.4,450.4,454.4,453.6,419.2,385.6,378.4,379.2,378.4,426.4,448.8,455.2,444,391.2,374.4,357.6,358.4,354.4,373.6,404,414.4,D
RG667A,1324665868,2013/02/03,KW,389.6,360,327.2,320,320.8,344,387.2,405.6,388.8,360.8,328.8,326.4,316.8,329.6,364,400,392,356,321.6,322.4,327.2,332.8,332.8,371.2,407.2,408,376.8,341.6,318.4,330.4,365.6,406.4,439.2,435.2,409.6,378.4,379.2,379.2,385.6,418.4,455.2,453.6,456.8,442.4,408.8,394.4,396.8,428,464.8,462.4,464.8,460.8,460.8,450.4,444.8,443.2,450.4,444.8,452,455.2,452,458.4,456.8,453.6,449.6,452.8,452,455.2,445.6,447.2,448.8,438.4,391.2,349.6,348.8,354.4,373.6,419.2,424,426.4,396,361.6,349.6,352,354.4,391.2,404,399.2,404.8,368.8,335.2,315.2,325.6,352,369.6,367.2,D
RG667A,1324665868,2013/02/04,KW,362.4,326.4,297.6,290.4,310.4,345.6,362.4,360,328.8,296,278.4,292,314.4,345.6,342.4,340,340.8,313.6,294.4,284.8,314.4,332,361.6,368,377.6,368,340.8,329.6,337.6,372,374.4,382.4,397.6,425.6,423.2,423.2,378.4,347.2,346.4,357.6,363.2,394.4,417.6,412.8,381.6,347.2,340,357.6,364,395.2,427.2,439.2,444.8,437.6,399.2,380.8,382.4,397.6,436,451.2,453.6,448.8,443.2,384,350.4,357.6,376,412,431.2,422.4,378.4,341.6,336.8,356.8,365.6,368,360.8,366.4,358.4,360.8,354.4,357.6,359.2,352.8,354.4,364.8,364.8,360.8,350.4,345.6,344.8,343.2,330.4,322.4,316.8,315.2,D
RG667A,1324665868,2013/02/05,KW,320,320,316.8,309.6,301.6,303.2,306.4,310.4,310.4,304,301.6,302.4,302.4,303.2,302.4,305.6,304.8,302.4,304,314.4,324.8,319.2,330.4,328.8,332,340,348,357.6,364,375.2,376,377.6,380,380.8,382.4,382.4,389.6,438.4,424,405.6,378.4,345.6,332,348.8,378.4,419.2,424.8,388,351.2,333.6,336,372.8,399.2,432,414.4,393.6,356.8,346.4,356.8,376,416.8,440.8,439.2,404,390.4,400.8,400,364.8,348,346.4,355.2,352,369.6,392,413.6,410.4,394.4,355.2,337.6,341.6,360.8,360.8,364,364.8,376.8,401.6,406.4,401.6,352.8,328.8,324.8,350.4,368,380,374.4,348,D
RG667A,1324665868,2013/02/06,KW,307.2,295.2,302.4,312,345.6,352,360.8,319.2,280.8,276,290.4,302.4,302.4,298.4,306.4,304,303.2,306.4,316.8,324.8,320.8,326.4,324,336.8,337.6,344.8,349.6,357.6,369.6,380.8,380,379.2,381.6,392,421.6,434.4,427.2,428,418.4,374.4,359.2,357.6,365.6,407.2,432,434.4,436.8,414.4,382.4,375.2,368.8,400.8,444,443.2,448,440.8,453.6,448,436,427.2,397.6,400,404,398.4,418.4,444.8,448.8,436.8,436.8,395.2,367.2,345.6,372,399.2,416,412,398.4,354.4,339.2,338.4,358.4,359.2,360.8,384.8,408.8,400.8,380.8,338.4,319.2,332.8,356.8,381.6,385.6,377.6,352.8,307.2,D
RG667A,1324665868,2013/02/07,KW,299.2,321.6,351.2,362.4,360.8,332,300.8,278.4,297.6,326.4,351.2,358.4,344.8,322.4,291.2,274.4,288.8,308,341.6,361.6,357.6,342.4,311.2,307.2,319.2,352,392.8,409.6,414.4,390.4,372,350.4,366.4,407.2,425.6,433.6,421.6,394.4,361.6,347.2,370.4,403.2,414.4,416,409.6,398.4,412.8,374.4,353.6,344.8,349.6,364,393.6,432,420.8,400,399.2,400.8,398.4,388,356,349.6,364,378.4,414.4,436,436,400.8,359.2,336,332.8,353.6,370.4,399.2,405.6,402.4,373.6,340.8,340,333.6,369.6,395.2,411.2,402.4,352.8,330.4,326.4,338.4,340.8,368.8,383.2,378.4,340.8,319.2,312.8,326.4,D
RG667A,1324665868,2013/02/08,KW,373.6,396,394.4,368,314.4,300,303.2,308.8,345.6,380,381.6,352.8,320.8,304.8,296.8,300,334.4,376.8,380.8,365.6,333.6,312.8,310.4,323.2,366.4,412.8,420,400,369.6,356.8,362.4,361.6,398.4,437.6,456.8,444,402.4,369.6,366.4,365.6,396,442.4,456,451.2,425.6,381.6,363.2,398.4,448,446.4,460.8,453.6,455.2,452.8,465.6,456.8,460,457.6,457.6,460.8,457.6,464.8,468.8,455.2,456,457.6,455.2,456.8,453.6,455.2,444.8,440,415.2,422.4,426.4,458.4,462.4,453.6,458.4,452,454.4,453.6,456.8,425.6,366.4,341.6,348,383.2,426.4,436.8,416.8,399.2,364,360.8,345.6,344,D
RG667A,1324665868,2013/02/09,KW,345.6,389.6,416,417.6,390.4,345.6,328.8,328,327.2,352,386.4,407.2,370.4,360.8,365.6,361.6,343.2,319.2,323.2,320,329.6,360.8,388.8,399.2,372,335.2,328.8,342.4,336.8,375.2,413.6,442.4,419.2,388.8,367.2,372.8,385.6,423.2,465.6,464.8,460.8,464,443.2,412.8,389.6,390.4,429.6,467.2,464,465.6,461.6,460.8,460.8,449.6,455.2,448.8,461.6,456.8,468.8,466.4,475.2,470.4,468.8,471.2,465.6,464,468.8,464,460.8,464,460,457.6,418.4,380,361.6,368,382.4,420,437.6,442.4,409.6,385.6,368,362.4,376,413.6,435.2,425.6,387.2,356.8,346.4,343.2,352,369.6,385.6,385.6,D
RG667A,1324665868,2013/02/10,KW,381.6,352,319.2,306.4,319.2,348.8,378.4,388,382.4,337.6,316,294.4,316,321.6,319.2,316,317.6,320,316.8,316,327.2,328,328.8,335.2,339.2,336,339.2,345.6,352.8,352,359.2,366.4,368.8,378.4,376.8,400,443.2,464.8,467.2,462.4,425.6,405.6,400.8,397.6,428.8,468,468.8,471.2,467.2,458.4,460.8,466.4,459.2,456.8,453.6,455.2,452.8,460,461.6,459.2,467.2,462.4,460,454.4,453.6,456,458.4,455.2,458.4,453.6,454.4,448.8,436,379.2,356,351.2,363.2,388.8,432,444.8,411.2,383.2,353.6,356.8,349.6,389.6,420,420,394.4,352,332.8,334.4,328.8,320.8,349.6,372,D
RG667A,1324665868,2013/02/11,KW,369.6,371.2,354.4,305.6,279.2,288,315.2,339.2,357.6,360,336,294.4,276.8,292.8,307.2,334.4,347.2,341.6,342.4,334.4,303.2,296,312.8,329.6,368,395.2,394.4,380,352,344,363.2,398.4,421.6,431.2,429.6,436,427.2,429.6,404,390.4,388,386.4,437.6,456.8,448.8,449.6,459.2,456.8,456,455.2,452,452,440.8,445.6,447.2,447.2,451.2,448.8,440.8,449.6,455.2,453.6,449.6,452,451.2,451.2,450.4,455.2,456,453.6,454.4,459.2,455.2,455.2,424.8,372.8,363.2,372.8,357.6,397.6,436.8,444.8,436.8,399.2,358.4,352.8,355.2,366.4,388.8,420,408,390.4,341.6,324.8,321.6,313.6,D
RG667A,1324665868,2013/02/12,KW,316,357.6,388.8,375.2,328,300,301.6,300,302.4,314.4,352,378.4,366.4,334.4,302.4,279.2,297.6,320.8,354.4,373.6,372.8,366.4,340.8,330.4,324,355.2,402.4,441.6,443.2,411.2,378.4,364,362.4,373.6,408.8,452.8,466.4,432.8,396,368,373.6,377.6,416.8,454.4,454.4,456,450.4,425.6,391.2,388,423.2,454.4,448.8,453.6,446.4,445.6,452.8,452,442.4,458.4,455.2,451.2,460.8,460.8,452,459.2,456,453.6,452,457.6,457.6,449.6,450.4,397.6,360,355.2,360.8,396.8,434.4,437.6,421.6,414.4,375.2,361.6,355.2,360,375.2,426.4,436,424.8,389.6,344.8,336,333.6,336,340,D
RG667A,1324665868,2013/02/13,KW,374.4,385.6,401.6,355.2,309.6,302.4,301.6,298.4,332,360,360,358.4,347.2,308,284.8,281.6,313.6,351.2,359.2,368.8,371.2,329.6,308,318.4,357.6,404.8,417.6,424,412,375.2,356,360.8,386.4,420.8,428.8,427.2,414.4,372,370.4,368,386.4,433.6,449.6,460,448.8,440,411.2,388.8,396.8,420.8,453.6,452,453.6,458.4,453.6,451.2,458.4,450.4,448.8,451.2,456,448.8,450.4,448.8,444.8,449.6,452,449.6,451.2,453.6,451.2,446.4,402.4,368.8,359.2,359.2,375.2,420,442.4,426.4,408.8,373.6,356.8,352.8,353.6,380.8,416,436.8,412,377.6,342.4,334.4,332,324.8,355.2,370.4,D
RG667A,1324665868,2013/02/14,KW,373.6,378.4,356.8,310.4,293.6,295.2,323.2,360.8,360.8,360.8,350.4,310.4,284.8,287.2,308,333.6,356.8,357.6,355.2,314.4,300,297.6,324,363.2,386.4,385.6,403.2,384.8,353.6,338.4,363.2,403.2,432.8,460,454.4,405.6,380.8,376.8,397.6,452,465.6,463.2,460.8,462.4,455.2,456,461.6,454.4,455.2,462.4,459.2,455.2,457.6,448.8,457.6,454.4,453.6,455.2,459.2,468,460.8,469.6,509.6,482.4,413.6,458.4,508.8,516,400,446.4,474.4,514.4,391.2,463.2,472,467.2,459.2,464,463.2,460.8,453.6,453.6,454.4,450.4,456.8,447.2,399.2,376,372,373.6,412.8,437.6,431.2,418.4,377.6,339.2,D
RG667A,1324665868,2013/02/15,KW,332,329.6,352.8,388.8,411.2,408,376.8,326.4,309.6,303.2,307.2,358.4,395.2,396,354.4,315.2,301.6,304,316.8,367.2,404.8,402.4,377.6,341.6,328.8,340.8,353.6,409.6,450.4,451.2,444.8,408,385.6,404.8,452.8,475.2,473.6,474.4,468,468.8,471.2,466.4,462.4,468,468,467.2,465.6,467.2,465.6,464,462.4,484,519.2,434.4,434.4,498.4,516.8,426.4,453.6,517.6,515.2,504,401.6,476,523.2,514.4,497.6,408.8,464.8,525.6,522.4,446.4,437.6,472.8,484.8,520,399.2,455.2,467.2,464,468.8,467.2,458.4,458.4,455.2,456.8,453.6,456.8,452.8,455.2,452,452,437.6,428,430.4,424.8,D
RG667A,1324665868,2013/02/16,KW,427.2,421.6,428,418.4,394.4,351.2,337.6,342.4,369.6,405.6,403.2,401.6,396.8,385.6,344.8,312.8,315.2,343.2,384,396.8,396.8,393.6,348,329.6,332,333.6,358.4,424.8,438.4,447.2,453.6,422.4,392,388,421.6,459.2,472.8,471.2,475.2,473.6,475.2,475.2,468,470.4,464,459.2,457.6,466.4,472.8,469.6,496.8,532,452.8,427.2,463.2,529.6,511.2,412.8,458.4,500.8,531.2,515.2,474.4,419.2,493.6,532,519.2,440,448.8,474.4,533.6,440,431.2,468,471.2,471.2,460.8,461.6,463.2,469.6,466.4,466.4,462.4,464.8,415.2,374.4,372,368,402.4,447.2,445.6,436,404.8,347.2,346.4,340.8,D
RG667A,1324665868,2013/02/17,KW,332.8,365.6,399.2,405.6,386.4,377.6,356.8,327.2,324.8,326.4,328.8,340.8,375.2,392,384,355.2,318.4,311.2,307.2,324,356.8,396.8,401.6,381.6,337.6,328.8,342.4,336,351.2,393.6,425.6,448.8,416,424.8,422.4,430.4,429.6,428.8,430.4,458.4,465.6,463.2,467.2,466.4,453.6,456.8,458.4,459.2,456.8,456.8,455.2,460,457.6,449.6,447.2,446.4,453.6,460,487.2,511.2,391.2,455.2,464.8,463.2,518.4,436,425.6,462.4,461.6,455.2,454.4,456.8,455.2,449.6,448,391.2,363.2,360,360,364,400,431.2,432,389.6,352.8,334.4,347.2,380.8,393.6,391.2,396.8,362.4,332.8,315.2,321.6,334.4,D
RG667A,1324665868,2013/02/18,KW,366.4,383.2,367.2,314.4,287.2,289.6,292.8,301.6,328.8,347.2,342.4,332,294.4,276,280.8,295.2,310.4,340,351.2,336,303.2,280,303.2,325.6,339.2,337.6,344.8,344.8,372,380.8,384.8,401.6,452,473.6,463.2,432,397.6,388,385.6,373.6,416,437.6,436.8,434.4,414.4,379.2,353.6,365.6,399.2,424,432.8,433.6,390.4,365.6,363.2,376,403.2,439.2,450.4,440.8,396.8,364,364,363.2,362.4,363.2,385.6,412,409.6,414.4,382.4,348.8,349.6,361.6,364,392.8,402.4,409.6,383.2,349.6,342.4,350.4,360,364,389.6,408,408,377.6,348.8,324.8,330.4,341.6,356,376,360,366.4,D
RG667A,1324665868,2013/02/19,KW,336.8,309.6,293.6,307.2,314.4,316,319.2,316,313.6,315.2,314.4,320,315.2,311.2,316,314.4,312.8,316,320.8,322.4,323.2,327.2,326.4,326.4,336.8,342.4,350.4,358.4,361.6,373.6,373.6,380,372.8,387.2,384.8,385.6,384.8,377.6,376.8,380,386.4,384,379.2,375.2,376.8,378.4,375.2,382.4,374.4,382.4,378.4,383.2,380.8,370.4,373.6,372,360,364,363.2,364,371.2,380.8,376.8,386.4,417.6,417.6,391.2,377.6,376.8,375.2,386.4,388.8,389.6,380.8,370.4,342.4,340.8,359.2,380,400.8,404.8,418.4,392,360.8,348.8,356,348.8,381.6,399.2,403.2,376.8,336,312,319.2,330.4,360.8,D
RG667A,1324665868,2013/02/20,KW,365.6,365.6,371.2,328.8,299.2,292.8,308,324.8,351.2,351.2,351.2,327.2,292,288,297.6,304.8,311.2,339.2,357.6,369.6,366.4,332,306.4,312,338.4,342.4,376.8,405.6,415.2,420,382.4,362.4,364.8,394.4,424,442.4,436.8,431.2,417.6,378.4,406.4,436.8,445.6,472.8,464.8,458.4,464.8,468,430.4,390.4,392,418.4,444.8,477.6,477.6,479.2,471.2,466.4,464,468.8,470.4,458.4,458.4,435.2,385.6,386.4,405.6,424,447.2,458.4,463.2,427.2,377.6,347.2,358.4,386.4,415.2,424.8,422.4,386.4,362.4,347.2,360,396,422.4,411.2,400.8,356.8,338.4,335.2,347.2,374.4,382.4,380.8,382.4,349.6,D
RG667A,1324665868,2013/02/21,KW,304.8,299.2,324,348,365.6,364,360,323.2,296,296,312.8,339.2,356,363.2,336,296,284.8,292,307.2,342.4,368.8,367.2,368,352.8,320,320,330.4,366.4,379.2,425.6,442.4,433.6,434.4,441.6,428,412,397.6,408,462.4,484,487.2,483.2,472.8,471.2,470.4,472.8,472,451.2,411.2,388.8,415.2,449.6,468,469.6,475.2,461.6,456,472.8,466.4,470.4,469.6,465.6,461.6,464.8,460.8,452.8,446.4,428.8,385.6,377.6,384.8,396.8,393.6,387.2,384.8,378.4,375.2,372,374.4,374.4,372,381.6,379.2,376.8,376.8,379.2,367.2,359.2,335.2,332.8,347.2,381.6,389.6,372,352,309.6,D
RG667A,1324665868,2013/02/22,KW,298.4,308.8,327.2,316.8,320,319.2,312,324,324.8,318.4,310.4,314.4,312.8,309.6,312,316.8,319.2,312.8,315.2,314.4,320,318.4,323.2,333.6,336,348.8,348.8,367.2,366.4,377.6,384,390.4,385.6,395.2,393.6,397.6,433.6,461.6,472,472,441.6,401.6,395.2,396.8,420.8,463.2,460.8,472,465.6,459.2,464.8,451.2,411.2,386.4,403.2,435.2,468.8,457.6,461.6,463.2,471.2,472,460,468,467.2,472.8,464,461.6,449.6,402.4,385.6,393.6,391.2,387.2,392,424,426.4,422.4,418.4,380.8,347.2,353.6,378.4,415.2,425.6,423.2,421.6,389.6,362.4,356.8,356.8,371.2,400.8,419.2,406.4,348,D
RG667A,1324665868,2013/02/23,KW,320,307.2,328.8,368,374.4,374.4,374.4,337.6,315.2,312,329.6,352.8,374.4,372.8,372.8,331.2,303.2,293.6,304.8,324,372,379.2,377.6,344.8,310.4,309.6,340.8,360.8,408.8,421.6,416.8,411.2,397.6,383.2,382.4,390.4,417.6,464,478.4,479.2,477.6,473.6,452.8,412.8,400.8,421.6,440.8,474.4,469.6,468.8,464.8,468,460,468,452.8,453.6,460.8,461.6,469.6,470.4,468,467.2,470.4,472,469.6,471.2,465.6,467.2,471.2,468.8,460.8,465.6,465.6,439.2,390.4,368,372,386.4,432,453.6,448.8,415.2,383.2,366.4,360,364.8,405.6,439.2,438.4,434.4,372,335.2,312,342.4,371.2,380,D
RG667A,1324665868,2013/02/24,KW,368.8,363.2,313.6,273.6,292,316,328.8,326.4,322.4,327.2,332,321.6,320.8,305.6,277.6,269.6,288,324,343.2,342.4,308,281.6,287.2,296.8,312.8,315.2,326.4,361.6,387.2,391.2,380,356,333.6,340,384.8,425.6,455.2,448.8,439.2,399.2,380,377.6,420.8,463.2,458.4,457.6,453.6,450.4,454.4,448,446.4,424.8,409.6,404.8,404,437.6,444,440.8,447.2,448,446.4,449.6,444.8,447.2,446.4,450.4,452.8,450.4,448.8,439.2,445.6,446.4,429.6,369.6,333.6,336,358.4,393.6,403.2,407.2,392.8,351.2,330.4,331.2,360.8,399.2,398.4,401.6,380,332,306.4,324,336.8,368.8,376.8,356,D
RG667A,1324665868,2013/02/25,KW,322.4,294.4,288.8,296,340,354.4,352.8,321.6,284.8,271.2,284,304,332,340,340.8,324,285.6,272,288,298.4,317.6,356,374.4,370.4,348,323.2,326.4,348,388,408,423.2,420,380,364.8,360.8,364.8,384,433.6,457.6,455.2,451.2,425.6,378.4,379.2,376,397.6,450.4,453.6,453.6,420,499.2,440,436.8,428.8,447.2,439.2,485.6,508,502.4,508.8,512,482.4,443.2,447.2,450.4,440,444,444,438.4,434.4,433.6,429.6,424.8,419.2,412.8,407.2,401.6,404,406.4,404.8,401.6,405.6,404,400.8,405.6,400,396.8,398.4,398.4,390.4,388.8,380,379.2,372,357.6,354.4,D
RG667A,1324665868,2013/02/26,KW,359.2,367.2,360.8,352,348,342.4,340.8,342.4,348.8,339.2,343.2,340.8,342.4,339.2,343.2,342.4,340.8,344,350.4,356.8,364.8,374.4,375.2,376.8,387.2,395.2,405.6,404.8,408.8,411.2,420.8,422.4,425.6,427.2,428.8,435.2,432.8,424,430.4,432,420.8,426.4,422.4,417.6,425.6,418.4,415.2,415.2,417.6,416,420.8,432.8,428,429.6,423.2,424.8,429.6,448,442.4,446.4,446.4,443.2,436.8,435.2,434.4,429.6,426.4,438.4,431.2,423.2,426.4,421.6,418.4,420,423.2,408.8,406.4,404,402.4,396,396,401.6,401.6,405.6,404,401.6,390.4,389.6,384.8,388.8,384,384.8,374.4,361.6,357.6,352,D
RG667A,1324665868,2013/02/27,KW,352,367.2,363.2,349.6,349.6,348.8,352.8,352,346.4,340.8,348,348,345.6,342.4,341.6,344,341.6,344,346.4,348.8,359.2,360.8,369.6,371.2,380,387.2,398.4,409.6,419.2,422.4,424,424.8,424.8,425.6,421.6,426.4,425.6,428,423.2,423.2,426.4,423.2,423.2,431.2,431.2,431.2,428.8,428,432.8,431.2,440,428.8,437.6,442.4,439.2,443.2,444,451.2,444.8,455.2,448,453.6,441.6,448,451.2,443.2,436,443.2,441.6,443.2,440,434.4,432,429.6,424,416.8,404.8,407.2,407.2,400,408,405.6,404,395.2,388.8,393.6,390.4,389.6,388.8,389.6,384,384.8,375.2,371.2,368,362.4,D
RG667A,1324665868,2013/02/28,KW,362.4,361.6,360,353.6,357.6,356,352.8,350.4,349.6,350.4,347.2,348,344.8,347.2,349.6,345.6,347.2,349.6,356,364.8,368.8,369.6,370.4,376,384,384.8,393.6,405.6,421.6,424.8,425.6,420,423.2,422.4,423.2,425.6,430.4,435.2,440,443.2,444,445.6,438.4,445.6,444,438.4,456,442.4,436,430.4,424.8,428,431.2,428.8,434.4,441.6,447.2,451.2,447.2,444.8,447.2,450.4,450.4,446.4,448,446.4,448.8,447.2,436,438.4,440,438.4,435.2,428,423.2,422.4,416.8,414.4,408,406.4,413.6,412,413.6,408.8,398.4,405.6,397.6,397.6,403.2,397.6,394.4,393.6,393.6,391.2,388,372,D
RG667A,1324665868,2013/03/01,KW,366.4,372,380,367.2,366.4,359.2,363.2,364,360.8,360,351.2,355.2,352,352,354.4,355.2,360,358.4,359.2,362.4,367.2,366.4,365.6,369.6,379.2,382.4,400,404.8,411.2,412.8,420,421.6,424,429.6,426.4,435.2,424,430.4,428,440.8,445.6,437.6,437.6,443.2,440.8,443.2,448,444.8,446.4,456.8,478.4,453.6,456.8,472,456,449.6,444.8,441.6,462.4,470.4,472.8,478.4,467.2,468,468,468.8,464,464,460.8,456.8,444,440.8,438.4,445.6,436,436,433.6,435.2,426.4,427.2,427.2,429.6,430.4,423.2,420.8,432.8,425.6,403.2,402.4,410.4,409.6,407.2,400.8,392.8,398.4,388,D
RG667A,1324665868,2013/03/02,KW,383.2,384,382.4,380,370.4,372,367.2,360.8,373.6,373.6,372.8,369.6,368,359.2,367.2,365.6,362.4,362.4,361.6,355.2,354.4,363.2,376.8,376,379.2,381.6,396.8,395.2,409.6,408,332.8,333.6,379.2,442.4,468,468,462.4,472,463.2,472.8,472,465.6,469.6,469.6,464.8,468.8,461.6,467.2,467.2,465.6,468,464.8,473.6,466.4,467.2,468,464.8,474.4,473.6,468.8,468,466.4,475.2,465.6,458.4,464.8,454.4,408.8,370.4,360,361.6,372,412,446.4,444.8,416.8,395.2,364,365.6,366.4,371.2,402.4,432,437.6,412,372.8,344,344,343.2,347.2,389.6,422.4,415.2,373.6,336,328,D
RG667A,1324665868,2013/03/03,KW,324.8,333.6,363.2,388,402.4,372.8,336.8,320.8,326.4,328.8,325.6,353.6,373.6,383.2,343.2,306.4,284.8,295.2,310.4,345.6,364,356,357.6,327.2,308,316.8,335.2,386.4,397.6,400.8,394.4,357.6,356.8,361.6,385.6,432,453.6,455.2,449.6,424,396,395.2,400,437.6,457.6,470.4,465.6,464,460.8,460,453.6,452.8,450.4,444,433.6,441.6,443.2,444,430.4,382.4,356.8,352.8,354.4,384.8,414.4,424,408,372.8,341.6,324,336,348,393.6,395.2,393.6,372.8,336,326.4,340.8,370.4,392.8,389.6,396,378.4,341.6,325.6,322.4,336.8,356,376,372.8,369.6,344.8,292.8,283.2,293.6,D
RG667A,1324665868,2013/03/04,KW,297.6,315.2,330.4,346.4,340,324.8,292.8,278.4,279.2,289.6,289.6,304,335.2,332,315.2,274.4,270.4,279.2,297.6,296,300.8,332,359.2,360,325.6,307.2,309.6,330.4,345.6,353.6,386.4,404.8,400,391.2,349.6,336.8,340.8,354.4,372,392,400,396.8,362.4,328.8,327.2,342.4,355.2,392.8,411.2,398.4,380,349.6,327.2,335.2,406.4,508,492,493.6,484.8,417.6,345.6,330.4,337.6,380.8,425.6,431.2,415.2,372.8,348,337.6,340,343.2,342.4,376,396.8,395.2,374.4,336,308,336,356.8,356,358.4,356,354.4,353.6,348.8,345.6,344.8,344,338.4,339.2,340,336.8,328,322.4,D
RG667A,1324665868,2013/03/05,KW,328,318.4,317.6,312.8,308,305.6,312,307.2,305.6,303.2,300.8,300,303.2,301.6,304.8,317.6,309.6,304,305.6,316,317.6,325.6,330.4,329.6,328.8,349.6,351.2,353.6,363.2,369.6,362.4,375.2,371.2,370.4,373.6,369.6,377.6,403.2,424,416,412.8,411.2,406.4,402.4,367.2,348.8,348,345.6,364,404,409.6,405.6,396.8,356.8,340,344.8,348,394.4,426.4,427.2,395.2,351.2,328,325.6,348,388.8,388.8,396,395.2,359.2,331.2,318.4,345.6,355.2,379.2,397.6,400.8,397.6,360,327.2,323.2,347.2,359.2,378.4,392,388,352,328,313.6,324,331.2,347.2,360,360.8,344.8,318.4,D
RG667A,1324665868,2013/03/06,KW,288.8,290.4,307.2,312,336,341.6,343.2,312.8,283.2,272,287.2,288,296,324.8,340,338.4,316,286.4,277.6,292,308.8,305.6,312,340.8,368,372,369.6,331.2,320,339.2,348.8,364,391.2,406.4,406.4,374.4,340,336.8,353.6,370.4,396.8,400.8,398.4,362.4,327.2,322.4,356.8,381.6,400.8,404,380.8,345.6,324,335.2,351.2,376,388.8,396.8,388,349.6,331.2,338.4,369.6,400,392.8,383.2,338.4,315.2,323.2,345.6,353.6,352.8,356,353.6,355.2,348.8,350.4,346.4,353.6,364,368.8,395.2,410.4,418.4,412,408,363.2,339.2,335.2,342.4,341.6,381.6,418.4,406.4,357.6,324.8,D
RG667A,1324665868,2013/03/07,KW,313.6,324,340,374.4,374.4,374.4,356,324.8,297.6,304.8,321.6,354.4,376,373.6,364.8,325.6,301.6,300,315.2,340.8,361.6,378.4,377.6,340,320,318.4,343.2,369.6,404.8,398.4,407.2,411.2,372.8,359.2,351.2,374.4,376.8,410.4,423.2,423.2,420.8,399.2,364,349.6,348.8,371.2,412.8,444.8,424,409.6,364.8,357.6,360.8,375.2,402.4,433.6,438.4,424.8,381.6,357.6,352.8,353.6,353.6,382.4,413.6,408,410.4,380,350.4,332.8,347.2,380,404.8,408,414.4,411.2,372,348,333.6,362.4,392.8,413.6,407.2,406.4,388,355.2,329.6,340.8,364.8,396.8,402.4,400,370.4,336,306.4,319.2,D
RG667A,1324665868,2013/03/08,KW,342.4,370.4,374.4,369.6,333.6,304.8,288,302.4,329.6,361.6,363.2,360.8,349.6,308,286.4,296,317.6,350.4,365.6,364.8,348,312.8,293.6,304.8,339.2,387.2,396,408,383.2,364,348,366.4,410.4,460.8,468.8,448.8,430.4,418.4,376.8,378.4,377.6,380.8,376.8,419.2,452.8,465.6,453.6,420,382.4,375.2,374.4,394.4,444,468,467.2,457.6,433.6,384.8,373.6,388.8,432,460,464,468,446.4,406.4,380,385.6,392,393.6,391.2,382.4,386.4,389.6,388,393.6,393.6,387.2,384.8,376.8,380,385.6,385.6,376,375.2,372,383.2,356.8,334.4,337.6,353.6,387.2,404.8,385.6,361.6,331.2,D
RG667A,1324665868,2013/03/09,KW,311.2,316,337.6,359.2,363.2,356,357.6,324,294.4,298.4,312.8,316,353.6,359.2,359.2,348,309.6,287.2,292,311.2,325.6,369.6,377.6,384,388,357.6,340.8,355.2,382.4,414.4,432,429.6,432,427.2,402.4,387.2,387.2,384.8,441.6,469.6,467.2,464,458.4,460,458.4,424.8,396,400.8,437.6,468,468.8,464.8,463.2,468.8,464,468.8,480,469.6,476.8,477.6,464.8,422.4,441.6,477.6,469.6,535.2,530.4,526.4,416,471.2,469.6,471.2,470.4,478.4,479.2,477.6,474.4,464.8,464.8,463.2,463.2,465.6,469.6,458.4,462.4,460.8,467.2,461.6,459.2,458.4,460.8,451.2,403.2,354.4,319.2,341.6,D
RG667A,1324665868,2013/03/10,KW,376,399.2,400.8,378.4,362.4,336,319.2,319.2,.,.,.,.,324,356.8,396,406.4,357.6,325.6,316.8,314.4,328,344,384,419.2,408.8,343.2,314.4,319.2,332.8,342.4,356,396,400.8,402.4,371.2,351.2,356.8,360,409.6,447.2,453.6,454.4,452,442.4,449.6,447.2,447.2,429.6,401.6,400,407.2,442.4,442.4,455.2,448.8,452,451.2,451.2,449.6,446.4,453.6,452,452.8,451.2,453.6,450.4,444.8,449.6,452.8,452,513.6,528.8,388.8,394.4,403.2,441.6,444.8,486.4,356,380,434.4,440,423.2,369.6,346.4,341.6,340.8,344.8,376,417.6,424.8,379.2,333.6,300,305.6,320,D
RG667A,1324665868,2013/03/11,KW,353.6,372,369.6,336,296.8,283.2,292.8,312,328,345.6,342.4,343.2,314.4,280,273.6,283.2,302.4,301.6,316,316,318.4,321.6,326.4,326.4,332,344,350.4,348,356,356,360.8,363.2,365.6,450.4,452.8,420.8,420,416,418.4,416.8,420.8,416,419.2,427.2,431.2,432,425.6,421.6,425.6,424.8,348.8,437.6,527.2,493.6,468.8,468.8,469.6,460,462.4,467.2,465.6,476,472,475.2,472.8,472,469.6,471.2,467.2,467.2,475.2,468,470.4,474.4,470.4,471.2,470.4,464.8,465.6,441.6,378.4,363.2,362.4,369.6,392.8,434.4,440.8,406.4,372.8,347.2,348.8,347.2,346.4,377.6,400,418.4,D
RG667A,1324665868,2013/03/12,KW,380,328.8,313.6,300,314.4,340.8,378.4,380.8,367.2,336.8,308.8,290.4,304,320,358.4,376,366.4,348.8,321.6,304,315.2,340,367.2,382.4,384,390.4,375.2,340,344.8,358.4,386.4,425.6,437.6,433.6,411.2,384,363.2,386.4,420,468,476,478.4,444,403.2,388,392,424.8,470.4,472.8,473.6,461.6,461.6,465.6,462.4,480,492,489.6,508,462.4,468,482.4,470.4,467.2,472.8,464.8,464,464.8,456.8,456.8,465.6,470.4,471.2,472.8,469.6,468.8,468.8,466.4,468.8,456.8,410.4,366.4,363.2,364.8,372,407.2,430.4,438.4,407.2,372.8,352,346.4,352,364,390.4,388,391.2,D
RG667A,1324665868,2013/03/13,KW,367.2,332,312.8,311.2,318.4,333.6,364,364,356,310.4,281.6,278.4,296.8,310.4,344.8,344,340.8,321.6,294.4,288,306.4,322.4,331.2,362.4,377.6,376,386.4,374.4,347.2,348.8,364.8,394.4,432.8,440.8,438.4,436,419.2,376,354.4,377.6,459.2,479.2,468,472,461.6,436.8,411.2,398.4,419.2,457.6,475.2,476,465.6,465.6,468.8,459.2,490.4,530.4,444.8,457.6,511.2,540,472,448.8,477.6,508.8,534.4,484.8,435.2,476.8,528.8,507.2,424.8,475.2,487.2,476.8,477.6,475.2,468.8,474.4,479.2,468.8,464,468,460.8,464.8,452.8,410.4,374.4,368.8,377.6,396,436,438.4,431.2,397.6,D
RG667A,1324665868,2013/03/14,KW,348,338.4,340.8,328.8,333.6,334.4,373.6,397.6,396.8,371.2,330.4,315.2,315.2,316,312.8,319.2,364.8,368.8,368,366.4,333.6,316,314.4,340,351.2,386.4,412,412.8,411.2,376,427.2,421.6,420,416,416,416,346.4,338.4,356.8,504,450.4,438.4,424,420.8,423.2,420.8,432,425.6,428,420.8,424,424.8,427.2,419.2,432,430.4,425.6,424.8,419.2,423.2,417.6,418.4,424,416.8,428.8,421.6,413.6,414.4,415.2,407.2,363.2,317.6,312,320.8,360,437.6,448,454.4,411.2,354.4,334.4,344,357.6,391.2,408,401.6,401.6,374.4,337.6,320.8,339.2,352.8,380.8,382.4,380,376,D
RG667A,1324665868,2013/03/15,KW,328.8,307.2,294.4,317.6,332.8,359.2,361.6,360,328,301.6,284.8,292,315.2,348,353.6,353.6,333.6,337.6,356.8,347.2,348.8,353.6,354.4,363.2,358.4,369.6,370.4,379.2,388.8,390.4,389.6,404,407.2,400,409.6,408.8,408.8,410.4,412,410.4,408,410.4,406.4,402.4,404,402.4,402.4,418.4,477.6,420,412.8,412,411.2,406.4,419.2,423.2,420.8,350.4,496,446.4,413.6,418.4,421.6,418.4,423.2,419.2,426.4,419.2,424.8,424.8,434.4,425.6,428.8,429.6,421.6,340,343.2,393.6,441.6,451.2,439.2,400,366.4,357.6,363.2,364,391.2,425.6,439.2,434.4,391.2,349.6,332,332,349.6,386.4,D
RG667A,1324665868,2013/03/16,KW,412.8,390.4,369.6,329.6,309.6,313.6,306.4,313.6,363.2,390.4,384.8,367.2,344.8,308.8,304.8,303.2,302.4,322.4,353.6,364.8,365.6,377.6,348.8,315.2,308.8,324,356,391.2,393.6,396.8,403.2,379.2,356.8,355.2,362.4,392,443.2,454.4,455.2,444.8,397.6,377.6,378.4,424,456,465.6,457.6,456,459.2,454.4,464.8,464.8,455.2,453.6,456.8,460,455.2,457.6,453.6,456.8,464,465.6,463.2,468,465.6,463.2,460,462.4,461.6,460.8,458.4,456,462.4,456.8,456,459.2,453.6,451.2,457.6,430.4,374.4,360,354.4,380,426.4,450.4,455.2,421.6,371.2,358.4,359.2,360,383.2,415.2,413.6,409.6,D
RG667A,1324665868,2013/03/17,KW,355.2,334.4,324,315.2,347.2,393.6,405.6,390.4,372,333.6,325.6,319.2,320.8,318.4,325.6,367.2,388.8,382.4,351.2,318.4,304.8,302.4,315.2,338.4,376.8,395.2,377.6,348.8,327.2,332,341.6,349.6,407.2,445.6,451.2,449.6,449.6,460,462.4,468,459.2,456.8,454.4,456.8,455.2,465.6,464,460.8,464,456.8,464.8,467.2,460,461.6,453.6,456,458.4,457.6,462.4,456.8,466.4,462.4,459.2,461.6,464.8,463.2,460.8,463.2,463.2,455.2,454.4,456.8,451.2,454.4,452,445.6,424,375.2,350.4,356,368,405.6,441.6,434.4,406.4,366.4,349.6,348.8,348,362.4,406.4,413.6,407.2,358.4,334.4,322.4,D
RG667A,1324665868,2013/03/18,KW,310.4,320.8,365.6,392.8,394.4,366.4,333.6,312,302.4,302.4,320.8,362.4,383.2,361.6,332,304,302.4,298.4,301.6,323.2,368.8,396,383.2,342.4,324.8,330.4,338.4,336.8,383.2,419.2,442.4,428.8,416,383.2,376.8,386.4,384.8,415.2,456,463.2,444,391.2,367.2,368,383.2,436,459.2,464.8,468,465.6,456,413.6,400,411.2,449.6,462.4,465.6,454.4,455.2,462.4,460,405.6,363.2,364.8,388,437.6,448.8,436.8,384.8,359.2,360.8,371.2,374.4,414.4,415.2,416,408.8,370.4,339.2,347.2,363.2,402.4,411.2,412.8,372,332.8,331.2,343.2,356,392.8,395.2,392,369.6,317.6,303.2,316,D
RG667A,1324665868,2013/03/19,KW,320.8,348.8,359.2,355.2,346.4,323.2,289.6,281.6,296.8,312.8,340.8,342.4,342.4,341.6,314.4,284,276.8,296.8,328.8,364.8,368.8,359.2,328,306.4,315.2,358.4,397.6,413.6,427.2,403.2,368.8,346.4,371.2,399.2,442.4,460.8,421.6,396.8,372.8,375.2,381.6,383.2,428,468,476.8,465.6,489.6,504,476,464.8,460.8,452.8,457.6,463.2,440,415.2,412,410.4,405.6,415.2,417.6,420.8,412.8,408.8,395.2,400,401.6,412,400,403.2,402.4,384,358.4,363.2,360,352,370.4,409.6,411.2,420.8,384.8,353.6,336,353.6,388.8,411.2,416,399.2,372.8,330.4,319.2,342.4,371.2,394.4,405.6,369.6,D
RG667A,1324665868,2013/03/20,KW,322.4,304,300.8,320,357.6,363.2,364.8,350.4,304,281.6,284.8,309.6,352,360,350.4,332.8,293.6,281.6,293.6,321.6,354.4,368,371.2,341.6,316,316.8,347.2,386.4,418.4,424.8,422.4,408,375.2,368,373.6,369.6,406.4,438.4,452,429.6,395.2,379.2,360,380,389.6,429.6,455.2,441.6,432.8,415.2,376,372,380.8,387.2,388,418.4,452.8,465.6,448,461.6,463.2,433.6,396.8,388,383.2,402.4,449.6,469.6,461.6,462.4,463.2,448.8,408.8,379.2,374.4,386.4,423.2,450.4,461.6,466.4,432.8,389.6,374.4,374.4,382.4,424.8,444,452,441.6,429.6,386.4,360.8,353.6,343.2,343.2,368,D
RG667A,1324665868,2013/03/21,KW,384.8,399.2,398.4,328.8,302.4,293.6,307.2,334.4,368,384.8,349.6,313.6,302.4,299.2,303.2,308,330.4,364,371.2,380,342.4,323.2,306.4,332,363.2,380.8,378.4,374.4,347.2,326.4,340,366.4,407.2,417.6,417.6,420.8,387.2,360.8,356,354.4,395.2,438.4,443.2,429.6,403.2,380.8,367.2,366.4,397.6,434.4,436.8,436,416,384.8,370.4,370.4,398.4,439.2,447.2,452.8,460.8,458.4,456,456.8,458.4,456,461.6,464.8,462.4,462.4,471.2,466.4,465.6,467.2,467.2,460.8,460,460,428,375.2,360.8,356.8,372,408,439.2,440,408.8,364,355.2,348.8,347.2,368.8,412.8,425.6,409.6,360.8,D
RG667A,1324665868,2013/03/22,KW,332,318.4,319.2,320.8,352,386.4,399.2,352,324.8,308,299.2,306.4,326.4,360.8,386.4,366.4,331.2,302.4,282.4,295.2,320.8,360.8,368.8,366.4,360.8,343.2,324.8,339.2,387.2,417.6,424.8,423.2,407.2,378.4,369.6,364.8,392.8,446.4,460.8,466.4,464.8,444,404.8,389.6,388,448,472.8,463.2,464,456.8,457.6,456,448.8,449.6,456.8,456.8,451.2,456,446.4,461.6,472.8,472,467.2,467.2,465.6,466.4,466.4,466.4,460.8,460.8,462.4,459.2,460.8,460.8,463.2,460,462.4,465.6,456.8,456,422.4,378.4,371.2,373.6,375.2,399.2,442.4,450.4,430.4,380.8,352.8,348.8,344.8,364,412.8,413.6,D
RG667A,1324665868,2013/03/23,KW,395.2,379.2,336,317.6,325.6,324,366.4,400,406.4,368.8,332,314.4,314.4,312,345.6,378.4,387.2,358.4,316.8,301.6,296.8,314.4,360,376.8,380,384,356,332.8,318.4,355.2,400.8,428,440.8,424,421.6,428,432.8,425.6,428.8,436,432.8,428,451.2,467.2,459.2,468.8,467.2,461.6,463.2,459.2,457.6,452.8,455.2,449.6,453.6,455.2,453.6,456.8,454.4,463.2,456.8,462.4,462.4,465.6,464.8,464,459.2,463.2,460.8,460.8,466.4,456.8,454.4,460,457.6,457.6,458.4,463.2,461.6,436,380.8,364,360,381.6,421.6,443.2,430.4,412,367.2,350.4,346.4,357.6,392.8,417.6,420.8,380,D
RG667A,1324665868,2013/03/24,KW,336.8,329.6,324,328,340.8,383.2,403.2,391.2,354.4,328,328.8,323.2,322.4,353.6,374.4,379.2,376.8,331.2,306.4,293.6,327.2,341.6,368,379.2,371.2,344.8,320,318.4,338.4,368,408,408.8,420,420.8,432,426.4,445.6,436.8,480,478.4,470.4,472,470.4,468.8,467.2,468,468.8,472,468.8,464.8,466.4,464.8,455.2,461.6,460.8,459.2,468,458.4,452.8,457.6,458.4,467.2,456,463.2,460,461.6,460.8,456.8,459.2,454.4,452.8,454.4,455.2,451.2,453.6,449.6,458.4,456.8,433.6,384.8,364.8,352,371.2,394.4,435.2,445.6,420,400.8,363.2,352,353.6,361.6,345.6,343.2,354.4,385.6,D
RG667A,1324665868,2013/03/25,KW,402.4,376.8,350.4,320,311.2,312,313.6,344.8,376,384.8,356.8,322.4,298.4,278.4,301.6,328,359.2,368,368.8,355.2,319.2,302.4,309.6,337.6,372,380,392,384,344.8,329.6,342.4,373.6,432,460.8,474.4,456.8,405.6,392.8,386.4,408.8,433.6,425.6,424.8,412,369.6,354.4,364.8,392,432.8,464.8,440.8,390.4,364.8,349.6,382.4,418.4,455.2,447.2,437.6,403.2,374.4,382.4,387.2,404,443.2,461.6,454.4,429.6,381.6,354.4,348.8,386.4,422.4,434.4,427.2,390.4,356.8,348,366.4,384,413.6,417.6,413.6,407.2,384,351.2,342.4,360.8,368,391.2,416,404.8,391.2,354.4,313.6,314.4,D
RG667A,1324665868,2013/03/26,KW,320.8,337.6,369.6,366.4,358.4,335.2,296.8,287.2,302.4,306.4,332.8,357.6,360,332,295.2,280.8,292,308.8,320.8,348.8,364.8,368.8,346.4,316.8,314.4,330.4,356,387.2,408.8,409.6,407.2,380.8,363.2,377.6,407.2,451.2,459.2,455.2,410.4,381.6,374.4,376,387.2,446.4,461.6,467.2,461.6,416.8,376.8,380.8,377.6,397.6,453.6,472.8,468.8,456.8,412,377.6,372.8,392.8,449.6,472,475.2,467.2,464.8,458.4,465.6,456,458.4,433.6,394.4,382.4,384.8,377.6,375.2,374.4,377.6,379.2,416,428,422.4,409.6,367.2,336.8,355.2,378.4,377.6,404.8,416.8,412.8,372,354.4,324,344,353.6,379.2,D
RG667A,1324665868,2013/03/27,KW,389.6,384.8,379.2,334.4,298.4,308.8,327.2,355.2,372,366.4,361.6,319.2,291.2,290.4,313.6,348,364,363.2,350.4,329.6,306.4,312.8,336.8,373.6,390.4,396,392.8,356,342.4,353.6,392,440,446.4,443.2,455.2,462.4,412.8,379.2,385.6,392.8,409.6,456,475.2,465.6,459.2,426.4,382.4,366.4,380,404,439.2,467.2,466.4,468,452,413.6,396.8,389.6,390.4,433.6,460,459.2,448.8,408.8,376,368,368,385.6,433.6,451.2,448.8,428.8,383.2,376,373.6,372,399.2,437.6,452.8,435.2,412,379.2,359.2,364.8,380.8,416.8,446.4,448,424.8,387.2,366.4,360,356.8,361.6,392.8,418.4,D
RG667A,1324665868,2013/03/28,KW,418.4,396.8,339.2,300,273.6,292,319.2,351.2,360.8,356,336.8,290.4,270.4,274.4,297.6,330.4,345.6,341.6,332.8,304,278.4,287.2,315.2,352,364,372,404,403.2,388.8,373.6,380.8,389.6,392,454.4,489.6,500.8,495.2,464,412.8,401.6,409.6,406.4,438.4,484,489.6,489.6,480.8,480,476,464.8,465.6,466.4,474.4,471.2,478.4,476.8,482.4,468,461.6,473.6,474.4,476.8,469.6,476,472.8,467.2,464,475.2,468.8,469.6,481.6,470.4,482.4,484,484,479.2,475.2,471.2,468,468.8,460.8,464,461.6,439.2,398.4,378.4,377.6,379.2,425.6,455.2,454.4,451.2,408,360.8,356.8,342.4,D
RG667A,1324665868,2013/03/29,KW,332.8,359.2,405.6,396,398.4,392,340,323.2,322.4,322.4,326.4,369.6,392,391.2,383.2,340.8,311.2,313.6,316,324,333.6,376.8,404,426.4,428.8,405.6,367.2,370.4,372.8,392.8,443.2,481.6,491.2,499.2,505.6,505.6,499.2,497.6,500.8,499.2,500,502.4,488.8,498.4,494.4,493.6,492,494.4,477.6,539.2,528.8,552,540,528,528.8,527.2,524.8,523.2,485.6,505.6,496.8,503.2,505.6,508.8,500,500.8,497.6,491.2,492.8,491.2,484.8,479.2,474.4,468.8,462.4,472.8,453.6,348,387.2,442.4,476,480.8,486.4,473.6,468,413.6,389.6,385.6,391.2,411.2,456.8,465.6,468,463.2,442.4,355.2,D
RG667A,1324665868,2013/03/30,KW,324,319.2,323.2,327.2,372.8,397.6,393.6,359.2,316,306.4,309.6,304,348,378.4,387.2,352,311.2,291.2,278.4,334.4,396.8,427.2,438.4,430.4,392,360.8,362.4,366.4,368,416,455.2,468.8,464.8,435.2,404,402.4,407.2,444.8,485.6,500.8,498.4,492.8,496,497.6,494.4,503.2,491.2,496.8,497.6,492.8,492.8,488.8,485.6,490.4,490.4,496,499.2,496.8,496,503.2,505.6,504,500,556,521.6,440,499.2,503.2,499.2,498.4,493.6,500,492,498.4,496.8,490.4,486.4,495.2,486.4,488,496,492,481.6,448.8,436,407.2,416,454.4,482.4,490.4,485.6,482.4,477.6,467.2,459.2,455.2,D
RG667A,1324665868,2013/03/31,KW,433.6,407.2,377.6,368.8,382.4,435.2,438.4,448.8,446.4,436.8,438.4,406.4,367.2,364,359.2,361.6,401.6,430.4,434.4,434.4,417.6,382.4,364,365.6,374.4,416,452.8,460.8,465.6,471.2,463.2,429.6,408.8,411.2,437.6,491.2,496,504.8,502.4,506.4,507.2,504.8,492,496.8,492.8,496,488.8,495.2,496.8,487.2,492.8,483.2,484,476,479.2,478.4,490.4,484,485.6,483.2,479.2,480,483.2,480,484.8,480,479.2,478.4,476.8,470.4,473.6,476.8,470.4,431.2,405.6,401.6,400.8,401.6,438.4,472,484,483.2,471.2,468,422.4,396.8,396,396.8,439.2,460,469.6,460.8,459.2,459.2,419.2,362.4,D
RG667A,1324665868,2013/04/01,KW,359.2,353.6,380,418.4,424,425.6,424.8,396,348,329.6,339.2,343.2,382.4,408.8,412.8,415.2,397.6,355.2,336,340,351.2,410.4,435.2,443.2,441.6,406.4,376,374.4,381.6,420.8,472,478.4,488,490.4,494.4,474.4,427.2,406.4,434.4,480,488,486.4,484,488,484,488,488,486.4,484.8,484.8,478.4,472,484,485.6,484.8,485.6,484,483.2,479.2,484,483.2,489.6,490.4,487.2,480.8,485.6,480.8,481.6,484.8,482.4,482.4,507.2,504,489.6,460,453.6,480.8,485.6,488,487.2,488.8,480.8,487.2,480,482.4,476,476,470.4,471.2,470.4,466.4,461.6,450.4,421.6,392,367.2,D
RG667A,1324665868,2013/04/02,KW,364.8,372.8,415.2,437.6,418.4,419.2,394.4,360,332,330.4,332.8,381.6,407.2,412.8,407.2,380.8,338.4,328.8,328,344,364,406.4,424.8,424,421.6,380.8,365.6,380,376.8,375.2,397.6,443.2,468,467.2,458.4,409.6,375.2,358.4,369.6,415.2,462.4,460,456.8,461.6,460,458.4,439.2,412.8,409.6,405.6,402.4,438.4,456,452,453.6,450.4,456.8,449.6,447.2,436.8,391.2,376.8,394.4,430.4,452,448.8,449.6,452.8,447.2,452,448.8,452,449.6,450.4,453.6,416,364,341.6,337.6,383.2,414.4,410.4,414.4,411.2,377.6,334.4,331.2,357.6,388.8,400.8,392,384.8,332,300.8,299.2,305.6,D
RG667A,1324665868,2013/04/03,KW,336.8,352,358.4,356,304.8,278.4,280.8,304.8,300,302.4,300,300,298.4,300,299.2,308,300.8,310.4,315.2,316.8,319.2,318.4,324,326.4,331.2,343.2,348,354.4,367.2,365.6,375.2,415.2,377.6,380,404,417.6,408,420,413.6,411.2,417.6,417.6,406.4,414.4,412,410.4,416.8,448,464,462.4,460.8,451.2,463.2,457.6,464,462.4,463.2,460,445.6,465.6,460.8,467.2,468,467.2,463.2,448.8,452,450.4,445.6,452.8,449.6,458.4,456.8,433.6,364.8,341.6,336,360.8,398.4,410.4,405.6,403.2,368,343.2,332.8,340.8,370.4,401.6,396,400,376,340,312.8,308.8,319.2,354.4,D
RG667A,1324665868,2013/04/04,KW,362.4,374.4,355.2,302.4,273.6,276,306.4,324,342.4,344.8,347.2,327.2,296,272,281.6,298.4,337.6,351.2,354.4,350.4,319.2,300,328.8,362.4,396.8,418.4,404,373.6,356.8,361.6,360,388,425.6,453.6,452.8,408.8,362.4,366.4,368,392,436,446.4,444,435.2,398.4,372.8,363.2,385.6,423.2,452.8,452,456,457.6,463.2,449.6,416,384,384,412.8,456,460.8,464.8,466.4,458.4,415.2,368,368,368,409.6,442.4,450.4,449.6,424.8,376,366.4,360,360.8,385.6,425.6,436,437.6,421.6,372,359.2,364,360.8,372,417.6,427.2,437.6,420,373.6,342.4,337.6,323.2,352.8,D
RG667A,1324665868,2013/04/05,KW,380.8,396.8,396.8,369.6,315.2,303.2,306.4,305.6,309.6,352.8,384.8,380,375.2,340,302.4,292.8,290.4,316,371.2,398.4,395.2,377.6,329.6,317.6,320.8,344.8,402.4,456,475.2,481.6,484,491.2,494.4,492.8,497.6,497.6,490.4,501.6,497.6,500.8,498.4,496,490.4,494.4,493.6,496,495.2,497.6,495.2,492.8,491.2,487.2,492,500.8,504,496.8,495.2,490.4,485.6,499.2,490.4,491.2,482.4,501.6,492.8,491.2,488,496,482.4,482.4,488,491.2,496.8,494.4,484,486.4,477.6,474.4,476.8,479.2,479.2,480,474.4,471.2,445.6,427.2,452,447.2,482.4,516.8,523.2,528.8,518.4,502.4,457.6,423.2,D
RG667A,1324665868,2013/04/06,KW,368,322.4,312.8,313.6,327.2,366.4,392.8,397.6,389.6,340,312.8,316.8,314.4,317.6,340.8,374.4,388,388,341.6,324.8,332,363.2,407.2,431.2,430.4,439.2,437.6,401.6,391.2,398.4,406.4,452.8,484,480,484.8,489.6,494.4,489.6,494.4,479.2,452,445.6,440.8,442.4,445.6,484,484.8,492.8,488.8,492,488,486.4,492.8,484.8,487.2,489.6,488,487.2,487.2,487.2,486.4,492,492.8,497.6,484.8,490.4,489.6,484.8,492.8,480.8,484,486.4,489.6,483.2,485.6,463.2,412.8,372,368,370.4,372,404.8,439.2,444,439.2,406.4,368.8,361.6,355.2,360.8,392.8,421.6,431.2,422.4,411.2,373.6,D
RG667A,1324665868,2013/04/07,KW,347.2,345.6,344,348.8,340.8,355.2,397.6,404.8,402.4,388.8,340,313.6,317.6,316,323.2,366.4,388,389.6,381.6,348.8,318.4,331.2,348,368,423.2,444,453.6,455.2,455.2,421.6,392,398.4,401.6,451.2,485.6,484.8,486.4,492.8,496,492,495.2,493.6,496,489.6,489.6,489.6,482.4,490.4,488,490.4,483.2,481.6,475.2,484.8,472,472.8,482.4,482.4,484,479.2,476.8,480.8,482.4,481.6,480,481.6,478.4,479.2,476.8,477.6,472,464,432,404,391.2,379.2,391.2,436,470.4,470.4,468.8,445.6,404.8,391.2,393.6,391.2,424,467.2,472.8,468,452.8,404.8,360,359.2,348.8,366.4,D
RG667A,1324665868,2013/04/08,KW,408,416,400,382.4,343.2,330.4,328,330.4,356.8,385.6,400,381.6,353.6,323.2,316.8,321.6,316,340.8,377.6,411.2,396,370.4,342.4,335.2,338.4,364.8,412,428.8,436.8,439.2,441.6,404.8,384.8,390.4,406.4,458.4,482.4,477.6,480,472,481.6,482.4,462.4,445.6,429.6,417.6,432,462.4,476,474.4,468,464,468,470.4,468,466.4,472.8,473.6,466.4,485.6,476.8,483.2,484.8,472.8,464,468.8,466.4,476,472,477.6,475.2,473.6,484.8,482.4,477.6,477.6,473.6,476,470.4,472.8,461.6,462.4,464.8,421.6,381.6,373.6,379.2,436.8,457.6,456,445.6,454.4,437.6,378.4,344.8,341.6,D
RG667A,1324665868,2013/04/09,KW,354.4,414.4,421.6,414.4,404.8,358.4,326.4,321.6,320.8,336.8,383.2,401.6,392.8,374.4,321.6,317.6,314.4,316,346.4,396.8,406.4,408,384.8,345.6,352,359.2,370.4,420.8,458.4,472.8,469.6,453.6,432.8,438.4,437.6,482.4,484.8,472.8,474.4,476.8,476,468.8,470.4,468,465.6,468,468,469.6,481.6,531.2,450.4,435.2,461.6,460,468.8,503.2,509.6,499.2,481.6,448,452.8,515.2,533.6,516.8,421.6,475.2,507.2,496.8,490.4,492.8,494.4,460.8,544,527.2,425.6,472,511.2,532,445.6,432.8,470.4,468,468,458.4,458.4,453.6,455.2,456.8,457.6,448,456,455.2,445.6,447.2,429.6,428,D
RG667A,1324665868,2013/04/10,KW,426.4,417.6,419.2,407.2,407.2,408.8,412,408,404,400,403.2,398.4,396.8,398.4,399.2,396,400,392.8,360.8,345.6,364,375.2,414.4,424,431.2,440.8,446.4,455.2,463.2,440.8,428,422.4,475.2,480,480,482.4,488,514.4,504,500.8,455.2,527.2,528,590.4,608.8,599.2,596,593.6,584,589.6,578.4,574.4,577.6,576.8,572.8,580,557.6,553.6,553.6,540,509.6,507.2,503.2,509.6,501.6,512,508.8,512,510.4,513.6,516,509.6,524.8,514.4,518.4,514.4,443.2,379.2,449.6,464.8,464.8,456.8,460,460,452,452.8,454.4,449.6,448.8,446.4,436.8,439.2,436.8,434.4,430.4,427.2,D
RG667A,1324665868,2013/04/11,KW,415.2,408.8,415.2,403.2,388,352.8,330.4,331.2,344.8,387.2,399.2,402.4,394.4,376,328.8,310.4,312.8,314.4,334.4,380,431.2,437.6,435.2,432.8,440,414.4,403.2,398.4,405.6,457.6,489.6,489.6,493.6,490.4,486.4,492,486.4,485.6,487.2,484.8,485.6,488,537.6,583.2,475.2,471.2,477.6,478.4,488,484.8,480,486.4,488,482.4,530.4,571.2,484.8,479.2,482.4,533.6,644.8,596.8,534.4,505.6,486.4,497.6,501.6,503.2,500,504,510.4,515.2,516.8,508.8,508,500.8,488.8,484,472,400.8,373.6,440.8,475.2,475.2,473.6,470.4,469.6,464.8,462.4,461.6,453.6,451.2,410.4,372,355.2,342.4,D
RG667A,1324665868,2013/04/12,KW,348.8,343.2,338.4,332,333.6,360,384.8,387.2,344,305.6,303.2,311.2,318.4,351.2,381.6,380.8,356,326.4,311.2,308,330.4,384.8,431.2,442.4,442.4,436,404.8,400,396.8,400,421.6,476.8,488,562.4,555.2,480.8,453.6,464.8,484,488,500,496,465.6,471.2,466.4,480,480,480.8,480.8,476.8,473.6,476.8,470.4,464.8,464,467.2,472,472.8,467.2,468.8,475.2,480.8,473.6,475.2,478.4,480.8,481.6,475.2,473.6,476,475.2,479.2,476.8,497.6,456.8,421.6,472,476,478.4,472,475.2,470.4,472,460,409.6,388,393.6,400.8,440.8,465.6,460,460.8,438.4,384,368,359.2,D
RG667A,1324665868,2013/04/13,KW,345.6,369.6,404,407.2,376,347.2,318.4,313.6,311.2,329.6,369.6,396,388.8,351.2,319.2,305.6,298.4,300.8,325.6,360,371.2,377.6,380.8,353.6,335.2,334.4,352.8,388.8,437.6,468.8,474.4,469.6,476,474.4,472.8,484,488.8,483.2,489.6,489.6,494.4,488,493.6,493.6,488.8,496,494.4,556.8,537.6,479.2,479.2,488.8,488,484.8,482.4,486.4,490.4,484.8,484,488.8,483.2,488,488.8,486.4,492.8,491.2,491.2,486.4,488.8,488,483.2,528,507.2,482.4,482.4,484,473.6,498.4,530.4,511.2,480.8,476.8,478.4,476,467.2,444,408,406.4,393.6,416.8,452,460,444,422.4,366.4,328,D
RG667A,1324665868,2013/04/14,KW,312.8,328.8,383.2,370.4,379.2,377.6,372,324.8,303.2,302.4,320.8,358.4,362.4,360,364,329.6,296.8,277.6,300,324.8,357.6,368,367.2,333.6,313.6,302.4,322.4,350.4,380.8,404.8,434.4,431.2,440,440,458.4,484,488,490.4,500.8,502.4,506.4,498.4,497.6,499.2,492.8,499.2,494.4,496.8,498.4,496.8,489.6,480,483.2,484.8,479.2,484.8,487.2,482.4,484.8,482.4,486.4,480.8,479.2,480,479.2,477.6,479.2,481.6,480.8,482.4,475.2,479.2,480,476,479.2,477.6,471.2,476.8,436.8,388,388,390.4,396,429.6,454.4,456.8,419.2,384.8,375.2,366.4,365.6,376.8,416.8,444,409.6,368.8,D
RG667A,1324665868,2013/04/15,KW,335.2,323.2,340.8,358.4,387.2,388.8,384.8,360.8,327.2,304.8,311.2,324.8,361.6,375.2,380.8,358.4,320.8,301.6,314.4,333.6,376,397.6,394.4,384.8,353.6,337.6,353.6,382.4,424.8,444,448.8,444.8,448,445.6,450.4,451.2,441.6,448,444,448.8,468,478.4,472,475.2,475.2,475.2,477.6,480.8,482.4,471.2,478.4,472.8,476,460,412,397.6,413.6,452.8,477.6,483.2,485.6,475.2,474.4,476.8,472.8,472.8,468,438.4,421.6,414.4,436,477.6,478.4,470.4,464.8,472.8,462.4,424.8,376.8,377.6,375.2,382.4,416.8,451.2,436.8,411.2,383.2,359.2,365.6,354.4,381.6,417.6,430.4,407.2,374.4,344,D
RG667A,1324665868,2013/04/16,KW,336,328.8,334.4,363.2,382.4,375.2,388,374.4,329.6,308,310.4,328,360.8,376.8,372.8,368.8,330.4,306.4,307.2,340,377.6,396,399.2,401.6,364,352,344.8,368,396.8,434.4,448.8,445.6,447.2,444,450.4,450.4,443.2,438.4,438.4,440,439.2,438.4,448,472,478.4,474.4,474.4,475.2,473.6,475.2,468,434.4,400.8,401.6,415.2,454.4,472.8,471.2,468.8,474.4,467.2,464.8,464,470.4,464,472.8,468.8,456.8,459.2,460,465.6,465.6,464.8,461.6,464.8,457.6,440,389.6,360,357.6,348,367.2,406.4,438.4,430.4,373.6,348.8,347.2,356,344.8,375.2,401.6,400.8,360.8,316.8,288,D
RG667A,1324665868,2013/04/17,KW,299.2,328.8,356,353.6,356.8,329.6,298.4,276.8,286.4,316.8,346.4,348.8,348.8,311.2,280,271.2,299.2,329.6,349.6,346.4,331.2,314.4,296,303.2,326.4,361.6,388.8,398.4,400.8,374.4,369.6,377.6,397.6,451.2,466.4,464.8,460,456,452,451.2,448,438.4,443.2,448.8,465.6,464,469.6,471.2,463.2,467.2,464.8,467.2,466.4,467.2,465.6,468.8,463.2,461.6,460,463.2,472,471.2,464.8,461.6,456.8,469.6,464.8,462.4,464.8,464.8,472,468,473.6,470.4,468,464,460.8,465.6,461.6,460,437.6,383.2,367.2,366.4,373.6,415.2,437.6,446.4,408,389.6,363.2,347.2,341.6,355.2,395.2,403.2,D
RG667A,1324665868,2013/04/18,KW,397.6,355.2,316.8,307.2,307.2,298.4,314.4,356,379.2,362.4,313.6,284,278.4,297.6,329.6,352,360,353.6,315.2,297.6,323.2,369.6,424,434.4,436,401.6,382.4,376.8,379.2,411.2,456.8,472.8,475.2,474.4,475.2,473.6,471.2,460.8,464,473.6,465.6,460.8,456.8,462.4,470.4,474.4,471.2,592.8,438.4,461.6,468.8,469.6,471.2,470.4,464,583.2,472.8,461.6,459.2,460.8,472,530.4,583.2,476,467.2,466.4,462.4,468.8,459.2,570.4,530.4,468.8,467.2,461.6,468,461.6,465.6,462.4,459.2,461.6,453.6,456.8,461.6,468,457.6,432,386.4,362.4,364,384.8,423.2,440,440,430.4,403.2,340,D
RG667A,1324665868,2013/04/19,KW,314.4,302.4,318.4,361.6,382.4,393.6,370.4,320,311.2,307.2,320,360,378.4,377.6,366.4,314.4,293.6,302.4,346.4,400.8,420,421.6,413.6,379.2,360.8,359.2,372.8,413.6,463.2,477.6,478.4,479.2,481.6,486.4,480,484,474.4,474.4,472.8,479.2,473.6,473.6,469.6,622.4,485.6,470.4,474.4,472,622.4,514.4,473.6,473.6,480,527.2,532,540,516.8,488.8,487.2,493.6,498.4,499.2,497.6,497.6,496,498.4,498.4,496.8,500.8,498.4,494.4,502.4,495.2,496,499.2,468,361.6,443.2,470.4,560.8,616,514.4,444.8,442.4,452.8,451.2,451.2,449.6,452.8,447.2,453.6,362.4,360.8,425.6,432.8,432,D
RG667A,1324665868,2013/04/20,KW,432,408.8,397.6,389.6,365.6,318.4,303.2,298.4,311.2,347.2,381.6,375.2,380,332.8,298.4,294.4,297.6,308.8,353.6,385.6,387.2,369.6,343.2,329.6,326.4,344.8,371.2,423.2,440.8,446.4,441.6,445.6,445.6,448,448.8,447.2,455.2,457.6,461.6,477.6,483.2,477.6,476,474.4,472.8,472.8,474.4,488,485.6,481.6,490.4,481.6,479.2,474.4,460.8,469.6,441.6,428.8,518.4,521.6,413.6,459.2,507.2,492,480,481.6,478.4,475.2,476,470.4,469.6,462.4,472.8,462.4,468,397.6,446.4,453.6,446.4,448,447.2,448.8,449.6,448,447.2,441.6,444.8,432.8,389.6,370.4,369.6,379.2,420.8,432.8,424.8,414.4,D
RG667A,1324665868,2013/04/21,KW,405.6,356,328,326.4,318.4,368,405.6,401.6,395.2,366.4,330.4,315.2,322.4,321.6,357.6,395.2,399.2,384.8,351.2,329.6,319.2,319.2,332.8,376,412.8,424,424.8,396,374.4,367.2,404,460,467.2,462.4,471.2,468.8,532.8,525.6,467.2,447.2,514.4,507.2,504,502.4,495.2,495.2,500,509.6,520,511.2,613.6,513.6,520,657.6,462.4,472,658.4,590.4,457.6,590.4,672,464,504,649.6,573.6,464,588,627.2,466.4,533.6,643.2,531.2,473.6,660.8,482.4,467.2,631.2,473.6,459.2,454.4,601.6,463.2,451.2,448,451.2,452,447.2,444,448.8,448,440,440,440,427.2,431.2,432,D
RG667A,1324665868,2013/04/22,KW,432,420.8,423.2,420,416.8,417.6,418.4,414.4,409.6,403.2,402.4,404,403.2,402.4,401.6,405.6,400.8,405.6,410.4,411.2,412.8,416,425.6,434.4,437.6,450.4,454.4,458.4,460,468.8,465.6,466.4,468.8,631.2,627.2,582.4,544,520.8,521.6,527.2,534.4,530.4,528.8,533.6,535.2,544.8,586.4,593.6,609.6,599.2,592.8,583.2,589.6,586.4,591.2,596.8,601.6,596,584.8,601.6,600,593.6,605.6,602.4,595.2,594.4,578.4,585.6,590.4,596.8,585.6,590.4,595.2,584,552.8,512.8,498.4,492.8,495.2,494.4,460.8,338.4,416.8,453.6,448,452.8,445.6,448.8,446.4,451.2,443.2,448.8,433.6,432,418.4,417.6,D
RG667A,1324665868,2013/04/23,KW,409.6,412,409.6,403.2,400,403.2,403.2,399.2,401.6,402.4,396,396.8,395.2,396.8,396,396.8,397.6,399.2,394.4,402.4,410.4,420,422.4,427.2,426.4,443.2,449.6,456,459.2,470.4,472,468,475.2,617.6,506.4,468.8,542.4,608.8,463.2,508,624,480.8,548,636.8,604.8,572,528.8,504.8,504,506.4,501.6,495.2,487.2,455.2,456,468,494.4,481.6,482.4,478.4,473.6,468,471.2,470.4,475.2,465.6,469.6,470.4,470.4,473.6,488,488.8,483.2,488.8,485.6,486.4,449.6,459.2,456,460,455.2,450.4,374.4,360.8,411.2,460.8,466.4,461.6,465.6,456.8,451.2,445.6,449.6,444.8,427.2,438.4,D
RG667A,1324665868,2013/04/24,KW,424.8,399.2,372,367.2,370.4,364,367.2,366.4,384.8,407.2,404,402.4,403.2,376.8,338.4,332,333.6,332.8,352,400,425.6,424.8,420,384,360,364,380.8,412.8,467.2,467.2,464.8,465.6,435.2,408.8,403.2,455.2,468.8,466.4,460.8,464,456.8,464.8,461.6,459.2,460.8,466.4,464.8,470.4,470.4,459.2,464.8,471.2,468.8,468.8,463.2,462.4,466.4,462.4,460.8,468,466.4,462.4,464.8,468,462.4,462.4,463.2,464.8,460.8,459.2,466.4,464.8,468,464,460,428,392,384,385.6,410.4,451.2,458.4,458.4,454.4,419.2,387.2,376.8,384,388,432.8,459.2,450.4,435.2,434.4,380.8,324,D
RG667A,1324665868,2013/04/25,KW,307.2,311.2,335.2,360,388,382.4,373.6,328,315.2,307.2,309.6,305.6,329.6,369.6,384.8,380,358.4,309.6,310.4,316,322.4,331.2,370.4,408.8,412,396,403.2,412,416,413.6,418.4,424,422.4,423.2,423.2,424.8,423.2,425.6,426.4,500.8,485.6,431.2,424,433.6,430.4,429.6,428.8,439.2,441.6,435.2,427.2,435.2,430.4,428.8,424.8,424,426.4,429.6,430.4,438.4,440.8,441.6,444.8,447.2,436.8,445.6,444,441.6,435.2,445.6,445.6,452.8,444,438.4,436,343.2,328,376,424.8,440.8,442.4,420,385.6,358.4,363.2,361.6,392.8,424,429.6,431.2,421.6,380,350.4,348.8,338.4,338.4,D
RG667A,1324665868,2013/04/26,KW,336.8,373.6,402.4,395.2,382.4,330.4,316,306.4,301.6,325.6,364,379.2,362.4,343.2,308.8,296.8,294.4,295.2,312.8,368,400.8,384.8,386.4,384.8,380.8,357.6,363.2,370.4,375.2,426.4,466.4,470.4,530.4,482.4,444,441.6,439.2,440.8,442.4,436,432,428.8,432,432,435.2,437.6,439.2,439.2,438.4,436,437.6,447.2,436.8,440,453.6,448.8,448.8,444.8,439.2,436.8,442.4,445.6,444.8,446.4,446.4,449.6,452.8,449.6,445.6,451.2,443.2,444,360.8,358.4,412.8,458.4,460,463.2,446.4,401.6,372.8,357.6,372,380,414.4,437.6,441.6,411.2,385.6,355.2,343.2,340.8,357.6,394.4,414.4,403.2,D
RG667A,1324665868,2013/04/27,KW,376,333.6,317.6,307.2,311.2,317.6,353.6,366.4,367.2,352.8,308,280.8,283.2,293.6,324.8,356,351.2,349.6,308.8,290.4,284.8,316,324.8,332,335.2,340,348.8,356,356.8,360.8,371.2,370.4,369.6,375.2,378.4,381.6,421.6,429.6,429.6,424.8,390.4,369.6,372,372.8,420.8,464.8,462.4,468.8,462.4,414.4,380.8,378.4,379.2,416,452,467.2,464.8,465.6,448,423.2,424,424,425.6,467.2,479.2,480.8,468,468.8,468,462.4,471.2,463.2,460.8,456.8,438.4,386.4,360,360.8,369.6,398.4,433.6,452.8,448.8,430.4,381.6,368.8,365.6,365.6,363.2,380.8,414.4,436,428,408,338.4,328.8,D
RG667A,1324665868,2013/04/28,KW,317.6,323.2,368,396.8,396.8,372.8,371.2,333.6,313.6,312.8,306.4,329.6,372.8,391.2,374.4,358.4,322.4,304.8,304.8,304.8,327.2,385.6,415.2,404,385.6,350.4,352,353.6,367.2,412.8,457.6,464,466.4,468,468,472,477.6,475.2,475.2,472,479.2,478.4,478.4,484.8,480,483.2,484,488,624.8,481.6,485.6,488,475.2,486.4,475.2,484.8,493.6,564,572.8,472.8,475.2,488,540.8,637.6,481.6,485.6,486.4,663.2,496,477.6,478.4,632,564.8,480.8,478.4,608.8,485.6,484.8,483.2,486.4,480.8,482.4,500,490.4,488.8,488,471.2,472,475.2,469.6,469.6,464.8,461.6,456.8,452,440,D
RG667A,1324665868,2013/04/29,KW,434.4,436.8,433.6,432.8,424,427.2,422.4,423.2,426.4,424.8,428,420.8,420,420,419.2,420,416,428.8,430.4,436,439.2,436.8,439.2,444,449.6,464,464.8,477.6,485.6,488,494.4,495.2,497.6,484,494.4,553.6,633.6,490.4,556,683.2,490.4,501.6,672,589.6,670.4,644.8,628,616.8,602.4,604.8,598.4,602.4,590.4,580.8,590.4,573.6,500.8,540.8,551.2,550.4,544,543.2,551.2,546.4,555.2,549.6,548,540.8,536.8,534.4,544.8,552,547.2,548,535.2,524.8,521.6,506.4,473.6,470.4,471.2,471.2,475.2,446.4,336.8,417.6,460.8,462.4,464.8,462.4,456,444,444,443.2,435.2,438.4,D
RG667A,1324665868,2013/04/30,KW,428,412,419.2,420.8,405.6,404.8,376,338.4,338.4,340,373.6,423.2,408.8,408.8,407.2,408.8,392,359.2,344,346.4,348,392.8,428,440.8,443.2,448,454.4,439.2,424,424.8,537.6,508.8,471.2,488.8,509.6,519.2,516.8,519.2,515.2,524,522.4,520.8,520.8,520.8,520.8,512.8,521.6,527.2,514.4,506.4,499.2,488,486.4,493.6,488.8,485.6,485.6,480.8,479.2,488,500.8,512.8,512.8,502.4,495.2,494.4,492.8,501.6,494.4,495.2,492,504.8,501.6,507.2,503.2,495.2,487.2,457.6,466.4,449.6,364.8,418.4,490.4,489.6,488.8,485.6,483.2,489.6,487.2,471.2,479.2,482.4,465.6,465.6,460.8,454.4,D
RG667A,1324665868,2013/05/01,KW,455.2,445.6,444.8,445.6,438.4,438.4,436.8,440,442.4,435.2,430.4,411.2,412,407.2,408.8,413.6,410.4,396.8,365.6,396.8,452,454.4,460,468,473.6,479.2,489.6,504,500,543.2,659.2,598.4,537.6,516.8,521.6,537.6,532,533.6,547.2,553.6,556.8,557.6,552,552.8,556,558.4,558.4,559.2,559.2,552.8,542.4,541.6,531.2,535.2,526.4,511.2,511.2,512,532,535.2,526.4,568.8,568.8,568.8,558.4,552.8,556.8,551.2,556,547.2,549.6,561.6,560,558.4,556.8,549.6,538.4,511.2,496.8,493.6,496,456,406.4,475.2,500.8,504,494.4,504,496,504,496.8,490.4,486.4,483.2,472.8,462.4,D
RG667A,1324665868,2013/05/02,KW,455.2,457.6,449.6,432,436.8,430.4,432,431.2,428,428.8,427.2,421.6,421.6,424.8,424.8,424.8,427.2,436,464.8,469.6,473.6,468,474.4,473.6,482.4,494.4,498.4,506.4,512,513.6,519.2,637.6,663.2,624,573.6,553.6,552,556,556.8,562.4,560.8,556,552.8,564.8,601.6,628,628,620.8,628.8,628.8,623.2,624,620,635.2,632,636,644,642.4,631.2,654.4,653.6,654.4,650.4,649.6,646.4,645.6,645.6,639.2,630.4,641.6,643.2,645.6,644.8,642.4,624.8,629.6,620.8,609.6,604.8,597.6,579.2,523.2,512,415.2,474.4,558.4,592,487.2,499.2,591.2,624,530.4,490.4,521.6,600,454.4,D
