-- phpMyAdmin SQL Dump
-- version 4.0.4
-- http://www.phpmyadmin.net
--
-- Servidor: localhost
-- Tiempo de generación: 11-03-2014 a las 17:42:49
-- Versión del servidor: 5.6.12-log
-- Versión de PHP: 5.4.16

SET SQL_MODE = "NO_AUTO_VALUE_ON_ZERO";
SET time_zone = "+00:00";


/*!40101 SET @OLD_CHARACTER_SET_CLIENT=@@CHARACTER_SET_CLIENT */;
/*!40101 SET @OLD_CHARACTER_SET_RESULTS=@@CHARACTER_SET_RESULTS */;
/*!40101 SET @OLD_COLLATION_CONNECTION=@@COLLATION_CONNECTION */;
/*!40101 SET NAMES utf8 */;

--
-- Base de datos: `martyyo_ecam`
--
CREATE DATABASE IF NOT EXISTS `martyyo_ecam` DEFAULT CHARACTER SET utf8 COLLATE utf8_general_ci;
USE `martyyo_ecam`;

-- --------------------------------------------------------

--
-- Estructura de tabla para la tabla `bfields`
--

CREATE TABLE IF NOT EXISTS `bfields` (
  `id` int(10) unsigned NOT NULL AUTO_INCREMENT,
  `name` varchar(255) COLLATE utf8_unicode_ci NOT NULL,
  `header` varchar(255) COLLATE utf8_unicode_ci NOT NULL,
  `tooltip` varchar(255) COLLATE utf8_unicode_ci NOT NULL,
  `display` tinyint(1) NOT NULL,
  `bsystem` varchar(255) COLLATE utf8_unicode_ci NOT NULL,
  `fieldclass` varchar(255) COLLATE utf8_unicode_ci NOT NULL,
  `placeholder` varchar(255) COLLATE utf8_unicode_ci NOT NULL,
  `axis` varchar(255) COLLATE utf8_unicode_ci NOT NULL,
  `charttype` varchar(255) COLLATE utf8_unicode_ci NOT NULL,
  `created_at` timestamp NOT NULL DEFAULT '0000-00-00 00:00:00',
  `updated_at` timestamp NOT NULL DEFAULT '0000-00-00 00:00:00',
  PRIMARY KEY (`id`)
) ENGINE=InnoDB  DEFAULT CHARSET=utf8 COLLATE=utf8_unicode_ci AUTO_INCREMENT=36 ;

--
-- Volcado de datos para la tabla `bfields`
--

INSERT INTO `bfields` (`id`, `name`, `header`, `tooltip`, `display`, `bsystem`, `fieldclass`, `placeholder`, `axis`, `charttype`, `created_at`, `updated_at`) VALUES
(1, 'datereading', 'Date', 'Date', 0, 'register', '', '', '', '', '2014-02-15 05:00:00', '2014-02-15 05:00:00'),
(2, 'timereading', 'Time', 'Time', 0, 'register', '', '', '', '', '2014-02-15 05:00:00', '2014-02-15 05:00:00'),
(3, 'dataset_id', 'data set', 'data set', 0, 'register', '', '', '', '', '2014-02-15 05:00:00', '2014-02-15 05:00:00'),
(4, 'a01OM', 'OM', 'Occupancy Mode', 1, 'building info', '', '1 / 0', 'right', 'column', '2014-02-15 05:00:00', '2014-02-15 05:00:00'),
(5, 'a02OAT', 'OAT', 'Outdoor-Air Temp (temp)', 1, 'building info', 'floatnumber', '', 'left', 'smoothedLine', '2014-02-15 05:00:00', '2014-02-15 05:00:00'),
(6, 'a03ZT', 'ZT', 'Zone Temperature', 1, 'building info', 'floatnumber', '', 'left', 'smoothedLine', '2014-02-15 05:00:00', '2014-02-15 05:00:00'),
(7, 'a04ZONE', 'ZONE', 'Zone', 1, 'building info', '', 'zone name', '', '', '2014-02-15 05:00:00', '2014-02-15 05:00:00'),
(8, 'a05ConskWH', 'ConskWH', 'Consumption kWH', 1, 'building info', 'floatnumber', 'kW/h', 'right', 'smoothedLine', '2014-02-15 05:00:00', '2014-02-15 05:00:00'),
(9, 'a06kWdemand', 'Kw Demand', 'kW Demand', 1, 'building info', 'floatnumber', 'kW', 'right', 'smoothedLine', '2014-03-10 05:00:00', '2014-03-10 05:00:00'),
(10, 'a07kWusage', 'KW usage', 'kW Usage', 1, 'building info', 'floatnumber', 'kW', 'right', 'smoothedLine', '2014-03-10 05:00:00', '2014-03-10 05:00:00'),
(11, 'b01ZRVS', 'ZRVS', 'Zone Reheat Valve Signal (%)', 1, 'Air handle unit', 'floatnumber', 'Percent%', 'right', 'column', '2014-02-15 05:00:00', '2014-02-15 05:00:00'),
(12, 'b02DAT', 'DAT', 'Discharge-Air Temp', 1, 'Air handle unit', 'floatnumber', '', 'left', 'smoothedLine', '2014-02-15 05:00:00', '2014-02-15 05:00:00'),
(13, 'b03DATSP', 'DATSP', 'Discharge-Air Temp Set Point', 1, 'Air handle unit', 'floatnumber', '', 'left', 'smoothedLine', '2014-02-15 05:00:00', '2014-02-15 05:00:00'),
(14, 'b04DSP', 'DSP', 'Duct Static Pressure', 1, 'Air handle unit', 'floatnumber', 'wc', 'right', 'smoothedLine', '2014-02-15 05:00:00', '2014-02-15 05:00:00'),
(15, 'b05DSPSP', 'DSPSP', 'Duct Static Pressure Set Point', 1, 'Air handle unit', 'floatnumber', 'wc', 'right', 'smoothedLine', '2014-02-15 05:00:00', '2014-02-15 05:00:00'),
(16, 'b06MAT', 'MAT', 'Mixed-Air Temp', 1, 'Air handle unit', 'floatnumber', '', 'left', 'smoothedLine', '2014-02-15 05:00:00', '2014-02-15 05:00:00'),
(17, 'b07OADPS', 'OADPS', 'Outdoor-Air Damper Position Signal (%)', 1, 'Air handle unit', 'floatnumber', 'Percent%', 'right', 'smoothedLine', '2014-02-15 05:00:00', '2014-02-15 05:00:00'),
(18, 'b08OAF', 'OAF', 'Outdoor-Air Fraction (%)', 1, 'Air handle unit', 'floatnumber', 'Percent%', 'right', 'smoothedLine', '2014-02-15 05:00:00', '2014-02-15 05:00:00'),
(19, 'b09RAT', 'RAT', 'Return-Air Temp', 1, 'Air handle unit', 'floatnumber', '', 'left', 'smoothedLine', '2014-02-15 05:00:00', '2014-02-15 05:00:00'),
(20, 'b10SFSpd', 'SFSpd', 'Supply-Fan Speed (rpm)', 1, 'Air handle unit', 'floatnumber', 'rpm', 'right', 'smoothedLine', '2014-02-15 05:00:00', '2014-02-15 05:00:00'),
(21, 'b11SFS', 'SFS', 'Supply Fan Status (on/off)', 1, 'Air handle unit', '', '1 0', 'right', 'column', '2014-02-15 05:00:00', '2014-02-15 05:00:00'),
(22, 'b12VAVDPSP', 'VAVDPSP', 'VAV Damper Position Set Point (%)', 1, 'Air handle unit', 'floatnumber', 'Percent%', 'left', 'smoothedLine', '2014-02-15 05:00:00', '2014-02-15 05:00:00'),
(23, 'b13ZDPS', 'ZDPS', 'Zone Damper Position Signal (%)', 1, 'Air handle unit', 'floatnumber', 'Percent%', 'left', 'smoothedLine', '2014-02-15 05:00:00', '2014-02-15 05:00:00'),
(24, 'c01HCVS', 'HCVS', 'Heating-Coil Valve Signal (%)', 1, 'Hot water system', 'floatnumber', 'Percent%', 'left', 'smoothedLine', '2014-02-15 05:00:00', '2014-02-15 05:00:00'),
(25, 'c02HWLDP', 'HWLDP', 'Hot-Water Loop Differential Pressure', 1, 'Hot water system', 'floatnumber', 'psi', 'right', 'smoothedLine', '2014-02-15 05:00:00', '2014-02-15 05:00:00'),
(26, 'c03HWLDPSP', 'HWLDPSP', 'Hot-Water Loop Differential Pressure Set Point', 1, 'Hot water system', 'floatnumber', 'psi', 'right', 'smoothedLine', '2014-02-15 05:00:00', '2014-02-15 05:00:00'),
(27, 'c04HWRT', 'HWRT', 'Hot-Water Return Temp', 1, 'Hot water system', 'floatnumber', '', 'left', 'smoothedLine', '2014-02-15 05:00:00', '2014-02-15 05:00:00'),
(28, 'c05HWST', 'HWST', 'Hot-Water Supply Temp', 1, 'Hot water system', 'floatnumber', '', 'left', 'smoothedLine', '2014-02-15 05:00:00', '2014-02-15 05:00:00'),
(29, 'c06HWSTSP', 'HWSTSP', 'Hot-Water Supply Temp Set Point', 1, 'Hot water system', 'floatnumber', '', 'left', 'smoothedLine', '2014-02-15 05:00:00', '2014-02-15 05:00:00'),
(30, 'd01ChWLDP', 'ChWLDP', 'Chilled-Water Loop Differential Pressure', 1, 'Chilled water system', 'floatnumber', 'psi', 'right', 'smoothedLine', '2014-02-15 05:00:00', '2014-02-15 05:00:00'),
(31, 'd02ChWLDSP', 'ChWLDSP', 'Chilled-Water Loop Differential Pressure Set Point', 1, 'Chilled water system', 'floatnumber', 'psi', 'right', 'smoothedLine', '2014-02-15 05:00:00', '2014-02-15 05:00:00'),
(32, 'd03ChWRT', 'ChWRT', 'Chilled-Water Return Temp', 1, 'Chilled water system', 'floatnumber', '', 'left', 'smoothedLine', '2014-02-15 05:00:00', '2014-02-15 05:00:00'),
(33, 'd04ChWST', 'ChWST', 'Chilled-Water Supply Temp', 1, 'Chilled water system', 'floatnumber', '', 'left', 'smoothedLine', '2014-02-15 05:00:00', '2014-02-15 05:00:00'),
(34, 'd05ChWSTSP', 'ChWSTSP', 'Chilled-Water Supply Temp set point', 1, 'Chilled water system', 'floatnumber', '', 'left', 'smoothedLine', '2014-02-15 05:00:00', '2014-02-15 05:00:00'),
(35, 'd06CCV', 'CCV', 'Cooling-Coil Valve Signal (%)', 1, 'Chilled water system', 'floatnumber', 'Percent%', 'right', 'smoothedLine', '2014-02-15 05:00:00', '2014-02-15 05:00:00');

-- --------------------------------------------------------

--
-- Estructura de tabla para la tabla `bfield_chart`
--

CREATE TABLE IF NOT EXISTS `bfield_chart` (
  `id` int(10) unsigned NOT NULL AUTO_INCREMENT,
  `bfield_id` int(10) unsigned NOT NULL,
  `chart_id` int(10) unsigned NOT NULL,
  PRIMARY KEY (`id`),
  KEY `bfield_chart_bfield_id_index` (`bfield_id`),
  KEY `bfield_chart_chart_id_index` (`chart_id`)
) ENGINE=InnoDB  DEFAULT CHARSET=utf8 COLLATE=utf8_unicode_ci AUTO_INCREMENT=73 ;

--
-- Volcado de datos para la tabla `bfield_chart`
--

INSERT INTO `bfield_chart` (`id`, `bfield_id`, `chart_id`) VALUES
(1, 4, 1),
(2, 6, 1),
(3, 11, 1),
(4, 6, 2),
(5, 11, 2),
(6, 5, 2),
(7, 16, 3),
(8, 17, 3),
(9, 18, 3),
(10, 5, 3),
(11, 5, 4),
(12, 17, 4),
(13, 18, 4),
(14, 5, 5),
(15, 19, 5),
(16, 17, 5),
(17, 5, 6),
(18, 17, 6),
(19, 35, 7),
(20, 13, 7),
(21, 17, 7),
(22, 5, 7),
(23, 35, 8),
(24, 17, 8),
(25, 5, 8),
(26, 35, 9),
(27, 17, 9),
(28, 12, 10),
(29, 16, 10),
(30, 5, 10),
(31, 17, 10),
(32, 33, 11),
(33, 22, 11),
(34, 5, 11),
(35, 31, 12),
(36, 5, 12),
(37, 31, 13),
(38, 33, 13),
(39, 5, 13),
(40, 30, 14),
(41, 31, 14),
(42, 5, 14),
(43, 30, 15),
(44, 33, 15),
(45, 26, 16),
(46, 5, 16),
(47, 25, 17),
(48, 26, 17),
(49, 5, 17),
(50, 23, 18),
(51, 22, 18),
(52, 5, 19),
(53, 15, 19),
(54, 16, 19),
(55, 4, 19),
(56, 5, 20),
(57, 15, 20),
(58, 4, 20),
(59, 12, 21),
(60, 13, 21),
(61, 14, 22),
(62, 22, 23),
(63, 10, 26),
(64, 13, 24),
(65, 12, 25),
(66, 13, 25),
(67, 5, 25),
(68, 11, 26),
(69, 14, 27),
(70, 21, 28),
(71, 9, 29),
(72, 10, 29);

-- --------------------------------------------------------

--
-- Estructura de tabla para la tabla `buildingregisters`
--

CREATE TABLE IF NOT EXISTS `buildingregisters` (
  `id` int(10) unsigned NOT NULL AUTO_INCREMENT,
  `datereading` date NOT NULL,
  `timereading` time NOT NULL,
  `dataset_id` int(11) NOT NULL,
  `a01OM` tinyint(1) DEFAULT NULL,
  `a02OAT` decimal(4,1) NOT NULL,
  `a03ZT` decimal(4,1) NOT NULL,
  `a04ZONE` varchar(255) COLLATE utf8_unicode_ci DEFAULT NULL,
  `a05ConskWH` decimal(3,0) DEFAULT NULL,
  `a06kWdemand` int(4) NOT NULL,
  `a07kWusage` int(4) NOT NULL,
  `b01ZRVS` decimal(3,0) NOT NULL,
  `b02DAT` decimal(4,1) NOT NULL,
  `b03DATSP` decimal(4,1) NOT NULL,
  `b04DSP` decimal(3,1) NOT NULL,
  `b05DSPSP` decimal(3,1) NOT NULL,
  `b06MAT` decimal(4,1) NOT NULL,
  `b07OADPS` decimal(3,0) NOT NULL,
  `b08OAF` decimal(3,0) NOT NULL,
  `b09RAT` decimal(4,1) NOT NULL,
  `b10SFSpd` decimal(4,0) NOT NULL,
  `b11SFS` tinyint(1) NOT NULL,
  `b12VAVDPSP` decimal(3,0) NOT NULL,
  `b13ZDPS` decimal(3,0) NOT NULL,
  `c01HCVS` decimal(3,0) DEFAULT NULL,
  `c02HWLDP` decimal(3,1) NOT NULL,
  `c03HWLDPSP` decimal(3,1) NOT NULL,
  `c04HWRT` decimal(4,1) NOT NULL,
  `c05HWST` decimal(4,1) NOT NULL,
  `c06HWSTSP` decimal(4,1) NOT NULL,
  `d01ChWLDP` decimal(3,1) NOT NULL,
  `d02ChWLDSP` decimal(3,1) NOT NULL,
  `d03ChWRT` decimal(4,1) NOT NULL,
  `d04ChWST` decimal(4,1) NOT NULL,
  `d05ChWSTSP` decimal(4,1) NOT NULL,
  `d06CCV` decimal(3,0) DEFAULT NULL,
  `created_at` timestamp NOT NULL DEFAULT '0000-00-00 00:00:00',
  `updated_at` timestamp NOT NULL DEFAULT '0000-00-00 00:00:00',
  PRIMARY KEY (`id`)
) ENGINE=InnoDB  DEFAULT CHARSET=utf8 COLLATE=utf8_unicode_ci AUTO_INCREMENT=1157 ;

--
-- Volcado de datos para la tabla `buildingregisters`
--

INSERT INTO `buildingregisters` (`id`, `datereading`, `timereading`, `dataset_id`, `a01OM`, `a02OAT`, `a03ZT`, `a04ZONE`, `a05ConskWH`, `a06kWdemand`, `a07kWusage`, `b01ZRVS`, `b02DAT`, `b03DATSP`, `b04DSP`, `b05DSPSP`, `b06MAT`, `b07OADPS`, `b08OAF`, `b09RAT`, `b10SFSpd`, `b11SFS`, `b12VAVDPSP`, `b13ZDPS`, `c01HCVS`, `c02HWLDP`, `c03HWLDPSP`, `c04HWRT`, `c05HWST`, `c06HWSTSP`, `d01ChWLDP`, `d02ChWLDSP`, `d03ChWRT`, `d04ChWST`, `d05ChWSTSP`, `d06CCV`, `created_at`, `updated_at`) VALUES
(2, '2014-02-01', '06:30:00', 2, 1, '0.0', '0.0', '', '150', 0, 0, '0', '0.0', '1.0', '0.0', '0.0', '0.0', '0', '0', '0.0', '0', 0, '0', '0', '0', '0.0', '0.0', '0.0', '0.0', '0.0', '0.0', '0.0', '0.0', '0.0', '0.0', '0', '0000-00-00 00:00:00', '2014-02-16 05:02:32'),
(3, '2014-02-02', '07:00:00', 6, 0, '0.0', '0.0', 'kitchen', '0', 0, 0, '0', '0.0', '0.0', '0.0', '0.0', '0.0', '0', '0', '0.0', '0', 0, '0', '0', '0', '0.0', '0.0', '0.0', '0.0', '0.0', '0.0', '0.0', '0.0', '0.0', '0.0', '0', '0000-00-00 00:00:00', '2014-02-21 08:15:31'),
(4, '2014-02-02', '07:30:00', 6, 1, '1.0', '1.0', 'kitchen', '1', 0, 0, '1', '1.0', '1.0', '1.0', '1.0', '1.0', '1', '1', '1.0', '1', 1, '1', '1', '1', '1.0', '1.0', '1.0', '1.0', '1.0', '1.0', '1.0', '1.0', '1.0', '1.0', '1', '0000-00-00 00:00:00', '2014-02-21 08:15:31'),
(5, '2014-02-02', '08:00:00', 6, 1, '2.0', '3.0', 'kitchen', '5', 0, 0, '6', '7.0', '8.0', '9.0', '11.0', '12.2', '12', '13', '14.0', '15', 16, '17', '18', '19', '20.0', '21.0', '22.0', '23.0', '24.0', '25.0', '26.0', '27.0', '28.0', '29.0', '30', '0000-00-00 00:00:00', '2014-02-21 08:15:31'),
(6, '2014-02-02', '08:30:00', 6, 1, '1.0', '1.0', 'kitchen', '1', 0, 0, '1', '1.0', '1.0', '1.0', '1.0', '1.0', '1', '1', '1.0', '1', 1, '1', '1', '1', '1.0', '1.0', '1.0', '1.0', '1.0', '1.0', '1.0', '1.0', '1.0', '1.0', '1', '0000-00-00 00:00:00', '2014-02-21 08:15:31'),
(12, '2014-02-01', '08:00:00', 2, 1, '1.0', '1.0', '1', '1', 0, 0, '1', '1.0', '1.0', '1.0', '1.0', '1.0', '1', '1', '1.0', '1', 1, '1', '1', '1', '1.0', '1.0', '1.0', '1.0', '1.0', '1.0', '1.0', '1.0', '1.0', '1.0', '1', '2014-02-16 05:17:13', '2014-02-16 05:17:13'),
(14, '2014-02-01', '06:30:00', 2, 1, '0.0', '0.0', '', '150', 0, 0, '0', '0.0', '1.0', '0.0', '0.0', '0.0', '0', '0', '0.0', '0', 0, '0', '0', '0', '0.0', '0.0', '0.0', '0.0', '0.0', '0.0', '0.0', '0.0', '0.0', '0.0', '0', '0000-00-00 00:00:00', '0000-00-00 00:00:00'),
(15, '2014-02-01', '07:00:00', 2, 0, '0.0', '0.0', '', '0', 0, 0, '0', '0.0', '0.0', '0.0', '0.0', '0.0', '0', '0', '0.0', '0', 0, '0', '0', '0', '0.0', '0.0', '0.0', '0.0', '0.0', '0.0', '0.0', '0.0', '0.0', '0.0', '0', '0000-00-00 00:00:00', '0000-00-00 00:00:00'),
(16, '2014-02-01', '07:30:00', 2, 0, '0.0', '0.0', '', '0', 0, 0, '0', '0.0', '0.0', '0.0', '0.0', '0.0', '0', '0', '0.0', '0', 0, '0', '0', '0', '0.0', '0.0', '0.0', '0.0', '0.0', '0.0', '0.0', '0.0', '0.0', '0.0', '0', '0000-00-00 00:00:00', '0000-00-00 00:00:00'),
(17, '2014-02-01', '08:00:00', 2, 0, '0.0', '0.0', '', '0', 0, 0, '0', '0.0', '0.0', '0.0', '0.0', '0.0', '0', '0', '0.0', '0', 0, '0', '0', '0', '0.0', '0.0', '0.0', '0.0', '0.0', '0.0', '0.0', '0.0', '0.0', '0.0', '0', '0000-00-00 00:00:00', '0000-00-00 00:00:00'),
(18, '2014-02-01', '08:30:00', 2, 0, '0.0', '0.0', '', '0', 0, 0, '0', '0.0', '0.0', '0.0', '0.0', '0.0', '0', '0', '0.0', '0', 0, '0', '0', '0', '0.0', '0.0', '0.0', '0.0', '0.0', '0.0', '0.0', '0.0', '0.0', '0.0', '0', '0000-00-00 00:00:00', '0000-00-00 00:00:00'),
(19, '2014-02-01', '09:00:00', 2, 1, '1.0', '1.0', '2', '1', 0, 0, '1', '1.0', '1.0', '1.0', '1.0', '1.0', '1', '1', '1.0', '1', 1, '1', '1', '1', '1.0', '1.0', '1.0', '1.0', '1.0', '1.0', '1.0', '1.0', '1.0', '1.0', '1', '0000-00-00 00:00:00', '0000-00-00 00:00:00'),
(20, '2014-02-01', '09:30:00', 2, 1, '2.0', '3.0', '4', '5', 0, 0, '6', '7.0', '8.0', '9.0', '11.0', '12.2', '12', '13', '14.0', '15', 16, '17', '18', '19', '20.0', '21.0', '22.0', '23.0', '24.0', '25.0', '26.0', '27.0', '28.0', '29.0', '30', '0000-00-00 00:00:00', '0000-00-00 00:00:00'),
(21, '2014-02-01', '10:00:00', 2, 1, '1.0', '1.0', '1', '1', 0, 0, '1', '1.0', '1.0', '1.0', '1.0', '1.0', '1', '1', '1.0', '1', 1, '1', '1', '1', '1.0', '1.0', '1.0', '1.0', '1.0', '1.0', '1.0', '1.0', '1.0', '1.0', '1', '0000-00-00 00:00:00', '0000-00-00 00:00:00'),
(22, '2014-02-01', '10:30:00', 2, 0, '0.0', '0.0', 'office1', '150', 0, 0, '43', '66.0', '50.0', '0.0', '0.0', '0.0', '0', '0', '0.0', '0', 0, '0', '10', '0', '10.0', '0.0', '0.0', '0.0', '0.0', '0.0', '0.0', '0.0', '40.0', '30.0', '30', '0000-00-00 00:00:00', '0000-00-00 00:00:00'),
(23, '2014-02-01', '11:00:00', 2, 1, '0.0', '0.0', '', '150', 0, 0, '0', '0.0', '1.0', '0.0', '0.0', '0.0', '0', '0', '0.0', '0', 0, '0', '0', '0', '0.0', '0.0', '0.0', '0.0', '0.0', '0.0', '0.0', '0.0', '0.0', '0.0', '0', '0000-00-00 00:00:00', '0000-00-00 00:00:00'),
(24, '2014-02-01', '11:30:00', 2, 0, '0.0', '0.0', '', '0', 0, 0, '0', '0.0', '0.0', '0.0', '0.0', '0.0', '0', '0', '0.0', '0', 0, '0', '0', '0', '0.0', '0.0', '0.0', '0.0', '0.0', '0.0', '0.0', '0.0', '0.0', '0.0', '0', '0000-00-00 00:00:00', '0000-00-00 00:00:00'),
(25, '2014-02-01', '12:00:00', 2, 0, '0.0', '0.0', '', '0', 0, 0, '0', '0.0', '0.0', '0.0', '0.0', '0.0', '0', '0', '0.0', '0', 0, '0', '0', '0', '0.0', '0.0', '0.0', '0.0', '0.0', '0.0', '0.0', '0.0', '0.0', '0.0', '0', '0000-00-00 00:00:00', '0000-00-00 00:00:00'),
(26, '2014-02-01', '12:30:00', 2, 0, '0.0', '0.0', '', '0', 0, 0, '0', '0.0', '0.0', '0.0', '0.0', '0.0', '0', '0', '0.0', '0', 0, '0', '0', '0', '0.0', '0.0', '0.0', '0.0', '0.0', '0.0', '0.0', '0.0', '0.0', '0.0', '0', '0000-00-00 00:00:00', '0000-00-00 00:00:00'),
(27, '2014-02-01', '13:00:00', 2, 0, '0.0', '0.0', '', '0', 0, 0, '0', '0.0', '0.0', '0.0', '0.0', '0.0', '0', '0', '0.0', '0', 0, '0', '0', '0', '0.0', '0.0', '0.0', '0.0', '0.0', '0.0', '0.0', '0.0', '0.0', '0.0', '0', '0000-00-00 00:00:00', '0000-00-00 00:00:00'),
(28, '2014-02-01', '13:30:00', 2, 1, '1.0', '1.0', '2', '1', 0, 0, '1', '1.0', '1.0', '1.0', '1.0', '1.0', '1', '1', '1.0', '1', 1, '1', '1', '1', '1.0', '1.0', '1.0', '1.0', '1.0', '1.0', '1.0', '1.0', '1.0', '1.0', '1', '0000-00-00 00:00:00', '0000-00-00 00:00:00'),
(29, '2014-02-01', '14:00:00', 2, 1, '2.0', '3.0', '4', '5', 0, 0, '6', '7.0', '8.0', '9.0', '11.0', '12.2', '12', '13', '14.0', '15', 16, '17', '18', '19', '20.0', '21.0', '22.0', '23.0', '24.0', '25.0', '26.0', '27.0', '28.0', '29.0', '30', '0000-00-00 00:00:00', '0000-00-00 00:00:00'),
(30, '2014-02-01', '14:30:00', 2, 1, '1.0', '1.0', '1', '1', 0, 0, '1', '1.0', '1.0', '1.0', '1.0', '1.0', '1', '1', '1.0', '1', 1, '1', '1', '1', '1.0', '1.0', '1.0', '1.0', '1.0', '1.0', '1.0', '1.0', '1.0', '1.0', '1', '0000-00-00 00:00:00', '0000-00-00 00:00:00'),
(31, '2014-02-01', '15:00:00', 2, 0, '0.0', '0.0', 'office1', '150', 0, 0, '43', '66.0', '50.0', '0.0', '0.0', '0.0', '0', '0', '0.0', '0', 0, '0', '10', '0', '10.0', '0.0', '0.0', '0.0', '0.0', '0.0', '0.0', '0.0', '40.0', '30.0', '30', '0000-00-00 00:00:00', '0000-00-00 00:00:00'),
(32, '2014-02-01', '15:30:00', 2, 1, '0.0', '0.0', '', '150', 0, 0, '0', '0.0', '1.0', '0.0', '0.0', '0.0', '0', '0', '0.0', '0', 0, '0', '0', '0', '0.0', '0.0', '0.0', '0.0', '0.0', '0.0', '0.0', '0.0', '0.0', '0.0', '0', '0000-00-00 00:00:00', '0000-00-00 00:00:00'),
(33, '2014-02-01', '16:00:00', 2, 0, '0.0', '0.0', '', '0', 0, 0, '0', '0.0', '0.0', '0.0', '0.0', '0.0', '0', '0', '0.0', '0', 0, '0', '0', '0', '0.0', '0.0', '0.0', '0.0', '0.0', '0.0', '0.0', '0.0', '0.0', '0.0', '0', '0000-00-00 00:00:00', '0000-00-00 00:00:00'),
(34, '2014-02-01', '16:30:00', 2, 0, '0.0', '0.0', '', '0', 0, 0, '0', '0.0', '0.0', '0.0', '0.0', '0.0', '0', '0', '0.0', '0', 0, '0', '0', '0', '0.0', '0.0', '0.0', '0.0', '0.0', '0.0', '0.0', '0.0', '0.0', '0.0', '0', '0000-00-00 00:00:00', '0000-00-00 00:00:00'),
(35, '2014-02-01', '17:00:00', 2, 0, '0.0', '0.0', '', '0', 0, 0, '0', '0.0', '0.0', '0.0', '0.0', '0.0', '0', '0', '0.0', '0', 0, '0', '0', '0', '0.0', '0.0', '0.0', '0.0', '0.0', '0.0', '0.0', '0.0', '0.0', '0.0', '0', '0000-00-00 00:00:00', '0000-00-00 00:00:00'),
(36, '2014-02-01', '17:30:00', 2, 0, '0.0', '0.0', '', '0', 0, 0, '0', '0.0', '0.0', '0.0', '0.0', '0.0', '0', '0', '0.0', '0', 0, '0', '0', '0', '0.0', '0.0', '0.0', '0.0', '0.0', '0.0', '0.0', '0.0', '0.0', '0.0', '0', '0000-00-00 00:00:00', '0000-00-00 00:00:00'),
(37, '2014-02-01', '18:00:00', 2, 1, '1.0', '1.0', '2', '1', 0, 0, '1', '1.0', '1.0', '1.0', '1.0', '1.0', '1', '1', '1.0', '1', 1, '1', '1', '1', '1.0', '1.0', '1.0', '1.0', '1.0', '1.0', '1.0', '1.0', '1.0', '1.0', '1', '0000-00-00 00:00:00', '0000-00-00 00:00:00'),
(38, '2014-02-01', '18:30:00', 2, 1, '2.0', '3.0', '4', '5', 0, 0, '6', '7.0', '8.0', '9.0', '11.0', '12.2', '12', '13', '14.0', '15', 16, '17', '18', '19', '20.0', '21.0', '22.0', '23.0', '24.0', '25.0', '26.0', '27.0', '28.0', '29.0', '30', '0000-00-00 00:00:00', '0000-00-00 00:00:00'),
(39, '2014-02-01', '19:00:00', 2, 1, '1.0', '1.0', '1', '1', 0, 0, '1', '1.0', '1.0', '1.0', '1.0', '1.0', '1', '1', '1.0', '1', 1, '1', '1', '1', '1.0', '1.0', '1.0', '1.0', '1.0', '1.0', '1.0', '1.0', '1.0', '1.0', '1', '0000-00-00 00:00:00', '0000-00-00 00:00:00'),
(40, '2014-02-01', '19:30:00', 2, 0, '0.0', '0.0', 'office1', '150', 0, 0, '43', '66.0', '50.0', '0.0', '0.0', '0.0', '0', '0', '0.0', '0', 0, '0', '10', '0', '10.0', '0.0', '0.0', '0.0', '0.0', '0.0', '0.0', '0.0', '40.0', '30.0', '30', '0000-00-00 00:00:00', '0000-00-00 00:00:00'),
(41, '2014-02-01', '20:00:00', 2, 1, '0.0', '0.0', '', '150', 0, 0, '0', '0.0', '1.0', '0.0', '0.0', '0.0', '0', '0', '0.0', '0', 0, '0', '0', '0', '0.0', '0.0', '0.0', '0.0', '0.0', '0.0', '0.0', '0.0', '0.0', '0.0', '0', '0000-00-00 00:00:00', '0000-00-00 00:00:00'),
(42, '2014-02-01', '20:30:00', 2, 0, '0.0', '0.0', '', '0', 0, 0, '0', '0.0', '0.0', '0.0', '0.0', '0.0', '0', '0', '0.0', '0', 0, '0', '0', '0', '0.0', '0.0', '0.0', '0.0', '0.0', '0.0', '0.0', '0.0', '0.0', '0.0', '0', '0000-00-00 00:00:00', '0000-00-00 00:00:00'),
(43, '2014-02-01', '21:00:00', 2, 0, '0.0', '0.0', '', '0', 0, 0, '0', '0.0', '0.0', '0.0', '0.0', '0.0', '0', '0', '0.0', '0', 0, '0', '0', '0', '0.0', '0.0', '0.0', '0.0', '0.0', '0.0', '0.0', '0.0', '0.0', '0.0', '0', '0000-00-00 00:00:00', '0000-00-00 00:00:00'),
(44, '2014-02-01', '21:30:00', 2, 0, '0.0', '0.0', '', '0', 0, 0, '0', '0.0', '0.0', '0.0', '0.0', '0.0', '0', '0', '0.0', '0', 0, '0', '0', '0', '0.0', '0.0', '0.0', '0.0', '0.0', '0.0', '0.0', '0.0', '0.0', '0.0', '0', '0000-00-00 00:00:00', '0000-00-00 00:00:00'),
(45, '2014-02-01', '22:00:00', 2, 0, '0.0', '0.0', '', '0', 0, 0, '0', '0.0', '0.0', '0.0', '0.0', '0.0', '0', '0', '0.0', '0', 0, '0', '0', '0', '0.0', '0.0', '0.0', '0.0', '0.0', '0.0', '0.0', '0.0', '0.0', '0.0', '0', '0000-00-00 00:00:00', '0000-00-00 00:00:00'),
(46, '2014-02-01', '22:30:00', 2, 1, '1.0', '1.0', '2', '1', 0, 0, '1', '1.0', '1.0', '1.0', '1.0', '1.0', '1', '1', '1.0', '1', 1, '1', '1', '1', '1.0', '1.0', '1.0', '1.0', '1.0', '1.0', '1.0', '1.0', '1.0', '1.0', '1', '0000-00-00 00:00:00', '0000-00-00 00:00:00'),
(47, '2014-02-01', '23:00:00', 2, 1, '2.0', '3.0', '4', '5', 0, 0, '6', '7.0', '8.0', '9.0', '11.0', '12.2', '12', '13', '14.0', '15', 16, '17', '18', '19', '20.0', '21.0', '22.0', '23.0', '24.0', '25.0', '26.0', '27.0', '28.0', '29.0', '30', '0000-00-00 00:00:00', '0000-00-00 00:00:00'),
(48, '2014-02-01', '23:30:00', 2, 1, '1.0', '1.0', '1', '1', 0, 0, '1', '1.0', '1.0', '1.0', '1.0', '1.0', '1', '1', '1.0', '1', 1, '1', '1', '1', '1.0', '1.0', '1.0', '1.0', '1.0', '1.0', '1.0', '1.0', '1.0', '1.0', '1', '0000-00-00 00:00:00', '0000-00-00 00:00:00'),
(49, '2014-02-02', '00:00:00', 2, 0, '0.0', '0.0', 'office1', '150', 0, 0, '43', '66.0', '50.0', '0.0', '0.0', '0.0', '0', '0', '0.0', '0', 0, '0', '10', '0', '10.0', '0.0', '0.0', '0.0', '0.0', '0.0', '0.0', '0.0', '40.0', '30.0', '30', '0000-00-00 00:00:00', '0000-00-00 00:00:00'),
(50, '2014-02-02', '00:30:00', 2, 1, '0.0', '0.0', '', '150', 0, 0, '0', '0.0', '1.0', '0.0', '0.0', '0.0', '0', '0', '0.0', '0', 0, '0', '0', '0', '0.0', '0.0', '0.0', '0.0', '0.0', '0.0', '0.0', '0.0', '0.0', '0.0', '0', '0000-00-00 00:00:00', '0000-00-00 00:00:00'),
(51, '2014-02-02', '01:00:00', 2, 0, '0.0', '0.0', '', '0', 0, 0, '0', '0.0', '0.0', '0.0', '0.0', '0.0', '0', '0', '0.0', '0', 0, '0', '0', '0', '0.0', '0.0', '0.0', '0.0', '0.0', '0.0', '0.0', '0.0', '0.0', '0.0', '0', '0000-00-00 00:00:00', '0000-00-00 00:00:00'),
(52, '2014-02-02', '01:30:00', 2, 0, '0.0', '0.0', '', '0', 0, 0, '0', '0.0', '0.0', '0.0', '0.0', '0.0', '0', '0', '0.0', '0', 0, '0', '0', '0', '0.0', '0.0', '0.0', '0.0', '0.0', '0.0', '0.0', '0.0', '0.0', '0.0', '0', '0000-00-00 00:00:00', '0000-00-00 00:00:00'),
(53, '2014-02-02', '02:00:00', 2, 0, '0.0', '0.0', '', '0', 0, 0, '0', '0.0', '0.0', '0.0', '0.0', '0.0', '0', '0', '0.0', '0', 0, '0', '0', '0', '0.0', '0.0', '0.0', '0.0', '0.0', '0.0', '0.0', '0.0', '0.0', '0.0', '0', '0000-00-00 00:00:00', '0000-00-00 00:00:00'),
(54, '2014-02-02', '02:30:00', 2, 0, '0.0', '0.0', '', '0', 0, 0, '0', '0.0', '0.0', '0.0', '0.0', '0.0', '0', '0', '0.0', '0', 0, '0', '0', '0', '0.0', '0.0', '0.0', '0.0', '0.0', '0.0', '0.0', '0.0', '0.0', '0.0', '0', '0000-00-00 00:00:00', '0000-00-00 00:00:00'),
(55, '2014-02-02', '03:00:00', 2, 1, '1.0', '1.0', '2', '1', 0, 0, '1', '1.0', '1.0', '1.0', '1.0', '1.0', '1', '1', '1.0', '1', 1, '1', '1', '1', '1.0', '1.0', '1.0', '1.0', '1.0', '1.0', '1.0', '1.0', '1.0', '1.0', '1', '0000-00-00 00:00:00', '0000-00-00 00:00:00'),
(56, '2014-02-02', '03:30:00', 2, 1, '2.0', '3.0', '4', '5', 0, 0, '6', '7.0', '8.0', '9.0', '11.0', '12.2', '12', '13', '14.0', '15', 16, '17', '18', '19', '20.0', '21.0', '22.0', '23.0', '24.0', '25.0', '26.0', '27.0', '28.0', '29.0', '30', '0000-00-00 00:00:00', '0000-00-00 00:00:00'),
(57, '2014-02-02', '04:00:00', 2, 1, '1.0', '1.0', '1', '1', 0, 0, '1', '1.0', '1.0', '1.0', '1.0', '1.0', '1', '1', '1.0', '1', 1, '1', '1', '1', '1.0', '1.0', '1.0', '1.0', '1.0', '1.0', '1.0', '1.0', '1.0', '1.0', '1', '0000-00-00 00:00:00', '0000-00-00 00:00:00'),
(58, '2014-02-02', '04:30:00', 2, 0, '0.0', '0.0', 'office1', '150', 0, 0, '43', '66.0', '50.0', '0.0', '0.0', '0.0', '0', '0', '0.0', '0', 0, '0', '10', '0', '10.0', '0.0', '0.0', '0.0', '0.0', '0.0', '0.0', '0.0', '40.0', '30.0', '30', '0000-00-00 00:00:00', '0000-00-00 00:00:00'),
(59, '2014-02-02', '05:00:00', 2, 1, '0.0', '0.0', '', '150', 0, 0, '0', '0.0', '1.0', '0.0', '0.0', '0.0', '0', '0', '0.0', '0', 0, '0', '0', '0', '0.0', '0.0', '0.0', '0.0', '0.0', '0.0', '0.0', '0.0', '0.0', '0.0', '0', '0000-00-00 00:00:00', '0000-00-00 00:00:00'),
(60, '2014-02-02', '05:30:00', 2, 0, '0.0', '0.0', '', '0', 0, 0, '0', '0.0', '0.0', '0.0', '0.0', '0.0', '0', '0', '0.0', '0', 0, '0', '0', '0', '0.0', '0.0', '0.0', '0.0', '0.0', '0.0', '0.0', '0.0', '0.0', '0.0', '0', '0000-00-00 00:00:00', '0000-00-00 00:00:00'),
(61, '2014-02-02', '06:00:00', 2, 0, '0.0', '0.0', '', '0', 0, 0, '0', '0.0', '0.0', '0.0', '0.0', '0.0', '0', '0', '0.0', '0', 0, '0', '0', '0', '0.0', '0.0', '0.0', '0.0', '0.0', '0.0', '0.0', '0.0', '0.0', '0.0', '0', '0000-00-00 00:00:00', '0000-00-00 00:00:00'),
(62, '2014-02-02', '06:30:00', 2, 0, '0.0', '0.0', '', '0', 0, 0, '0', '0.0', '0.0', '0.0', '0.0', '0.0', '0', '0', '0.0', '0', 0, '0', '0', '0', '0.0', '0.0', '0.0', '0.0', '0.0', '0.0', '0.0', '0.0', '0.0', '0.0', '0', '0000-00-00 00:00:00', '0000-00-00 00:00:00'),
(63, '2014-02-02', '07:00:00', 2, 0, '0.0', '0.0', '', '0', 0, 0, '0', '0.0', '0.0', '0.0', '0.0', '0.0', '0', '0', '0.0', '0', 0, '0', '0', '0', '0.0', '0.0', '0.0', '0.0', '0.0', '0.0', '0.0', '0.0', '0.0', '0.0', '0', '0000-00-00 00:00:00', '0000-00-00 00:00:00'),
(64, '2014-02-02', '07:30:00', 2, 1, '1.0', '1.0', '2', '1', 0, 0, '1', '1.0', '1.0', '1.0', '1.0', '1.0', '1', '1', '1.0', '1', 1, '1', '1', '1', '1.0', '1.0', '1.0', '1.0', '1.0', '1.0', '1.0', '1.0', '1.0', '1.0', '1', '0000-00-00 00:00:00', '0000-00-00 00:00:00'),
(65, '2014-02-02', '08:00:00', 2, 1, '2.0', '3.0', '4', '5', 0, 0, '6', '7.0', '8.0', '9.0', '11.0', '12.2', '12', '13', '14.0', '15', 16, '17', '18', '19', '20.0', '21.0', '22.0', '23.0', '24.0', '25.0', '26.0', '27.0', '28.0', '29.0', '30', '0000-00-00 00:00:00', '0000-00-00 00:00:00'),
(66, '2014-02-02', '08:30:00', 2, 1, '1.0', '1.0', '1', '1', 0, 0, '1', '1.0', '1.0', '1.0', '1.0', '1.0', '1', '1', '1.0', '1', 1, '1', '1', '1', '1.0', '1.0', '1.0', '1.0', '1.0', '1.0', '1.0', '1.0', '1.0', '1.0', '1', '0000-00-00 00:00:00', '0000-00-00 00:00:00'),
(67, '2014-02-02', '09:00:00', 2, 0, '0.0', '0.0', 'office1', '150', 0, 0, '43', '66.0', '50.0', '0.0', '0.0', '0.0', '0', '0', '0.0', '0', 0, '0', '10', '0', '10.0', '0.0', '0.0', '0.0', '0.0', '0.0', '0.0', '0.0', '40.0', '30.0', '30', '0000-00-00 00:00:00', '0000-00-00 00:00:00'),
(68, '2014-02-02', '09:30:00', 2, 1, '0.0', '0.0', '', '150', 0, 0, '0', '0.0', '1.0', '0.0', '0.0', '0.0', '0', '0', '0.0', '0', 0, '0', '0', '0', '0.0', '0.0', '0.0', '0.0', '0.0', '0.0', '0.0', '0.0', '0.0', '0.0', '0', '0000-00-00 00:00:00', '0000-00-00 00:00:00'),
(69, '2014-02-02', '10:00:00', 2, 0, '0.0', '0.0', '', '0', 0, 0, '0', '0.0', '0.0', '0.0', '0.0', '0.0', '0', '0', '0.0', '0', 0, '0', '0', '0', '0.0', '0.0', '0.0', '0.0', '0.0', '0.0', '0.0', '0.0', '0.0', '0.0', '0', '0000-00-00 00:00:00', '0000-00-00 00:00:00'),
(70, '2014-02-02', '10:30:00', 2, 0, '0.0', '0.0', '', '0', 0, 0, '0', '0.0', '0.0', '0.0', '0.0', '0.0', '0', '0', '0.0', '0', 0, '0', '0', '0', '0.0', '0.0', '0.0', '0.0', '0.0', '0.0', '0.0', '0.0', '0.0', '0.0', '0', '0000-00-00 00:00:00', '0000-00-00 00:00:00'),
(71, '2014-02-02', '11:00:00', 2, 0, '0.0', '0.0', '', '0', 0, 0, '0', '0.0', '0.0', '0.0', '0.0', '0.0', '0', '0', '0.0', '0', 0, '0', '0', '0', '0.0', '0.0', '0.0', '0.0', '0.0', '0.0', '0.0', '0.0', '0.0', '0.0', '0', '0000-00-00 00:00:00', '0000-00-00 00:00:00'),
(72, '2014-02-02', '11:30:00', 2, 0, '0.0', '0.0', '', '0', 0, 0, '0', '0.0', '0.0', '0.0', '0.0', '0.0', '0', '0', '0.0', '0', 0, '0', '0', '0', '0.0', '0.0', '0.0', '0.0', '0.0', '0.0', '0.0', '0.0', '0.0', '0.0', '0', '0000-00-00 00:00:00', '0000-00-00 00:00:00'),
(73, '2014-02-02', '12:00:00', 2, 1, '1.0', '1.0', '2', '1', 0, 0, '1', '1.0', '1.0', '1.0', '1.0', '1.0', '1', '1', '1.0', '1', 1, '1', '1', '1', '1.0', '1.0', '1.0', '1.0', '1.0', '1.0', '1.0', '1.0', '1.0', '1.0', '1', '0000-00-00 00:00:00', '0000-00-00 00:00:00'),
(74, '2014-02-02', '12:30:00', 2, 1, '2.0', '3.0', '4', '5', 0, 0, '6', '7.0', '8.0', '9.0', '11.0', '12.2', '12', '13', '14.0', '15', 16, '17', '18', '19', '20.0', '21.0', '22.0', '23.0', '24.0', '25.0', '26.0', '27.0', '28.0', '29.0', '30', '0000-00-00 00:00:00', '0000-00-00 00:00:00'),
(75, '2014-02-02', '13:00:00', 2, 1, '1.0', '1.0', '1', '1', 0, 0, '1', '1.0', '1.0', '1.0', '1.0', '1.0', '1', '1', '1.0', '1', 1, '1', '1', '1', '1.0', '1.0', '1.0', '1.0', '1.0', '1.0', '1.0', '1.0', '1.0', '1.0', '1', '0000-00-00 00:00:00', '0000-00-00 00:00:00'),
(76, '2014-02-02', '13:30:00', 2, 0, '0.0', '0.0', 'office1', '150', 0, 0, '43', '66.0', '50.0', '0.0', '0.0', '0.0', '0', '0', '0.0', '0', 0, '0', '10', '0', '10.0', '0.0', '0.0', '0.0', '0.0', '0.0', '0.0', '0.0', '40.0', '30.0', '30', '0000-00-00 00:00:00', '0000-00-00 00:00:00'),
(77, '2014-02-02', '14:00:00', 2, 1, '0.0', '0.0', '', '150', 0, 0, '0', '0.0', '1.0', '0.0', '0.0', '0.0', '0', '0', '0.0', '0', 0, '0', '0', '0', '0.0', '0.0', '0.0', '0.0', '0.0', '0.0', '0.0', '0.0', '0.0', '0.0', '0', '0000-00-00 00:00:00', '0000-00-00 00:00:00'),
(78, '2014-02-02', '14:30:00', 2, 0, '0.0', '0.0', '', '0', 0, 0, '0', '0.0', '0.0', '0.0', '0.0', '0.0', '0', '0', '0.0', '0', 0, '0', '0', '0', '0.0', '0.0', '0.0', '0.0', '0.0', '0.0', '0.0', '0.0', '0.0', '0.0', '0', '0000-00-00 00:00:00', '0000-00-00 00:00:00'),
(79, '2014-02-02', '15:00:00', 2, 0, '0.0', '0.0', '', '0', 0, 0, '0', '0.0', '0.0', '0.0', '0.0', '0.0', '0', '0', '0.0', '0', 0, '0', '0', '0', '0.0', '0.0', '0.0', '0.0', '0.0', '0.0', '0.0', '0.0', '0.0', '0.0', '0', '0000-00-00 00:00:00', '0000-00-00 00:00:00'),
(80, '2014-02-02', '15:30:00', 2, 0, '0.0', '0.0', '', '0', 0, 0, '0', '0.0', '0.0', '0.0', '0.0', '0.0', '0', '0', '0.0', '0', 0, '0', '0', '0', '0.0', '0.0', '0.0', '0.0', '0.0', '0.0', '0.0', '0.0', '0.0', '0.0', '0', '0000-00-00 00:00:00', '0000-00-00 00:00:00'),
(81, '2014-02-02', '16:00:00', 2, 0, '0.0', '0.0', '', '0', 0, 0, '0', '0.0', '0.0', '0.0', '0.0', '0.0', '0', '0', '0.0', '0', 0, '0', '0', '0', '0.0', '0.0', '0.0', '0.0', '0.0', '0.0', '0.0', '0.0', '0.0', '0.0', '0', '0000-00-00 00:00:00', '0000-00-00 00:00:00'),
(82, '2014-02-02', '16:30:00', 2, 1, '1.0', '1.0', '2', '1', 0, 0, '1', '1.0', '1.0', '1.0', '1.0', '1.0', '1', '1', '1.0', '1', 1, '1', '1', '1', '1.0', '1.0', '1.0', '1.0', '1.0', '1.0', '1.0', '1.0', '1.0', '1.0', '1', '0000-00-00 00:00:00', '0000-00-00 00:00:00'),
(83, '2014-02-02', '17:00:00', 2, 1, '2.0', '3.0', '4', '5', 0, 0, '6', '7.0', '8.0', '9.0', '11.0', '12.2', '12', '13', '14.0', '15', 16, '17', '18', '19', '20.0', '21.0', '22.0', '23.0', '24.0', '25.0', '26.0', '27.0', '28.0', '29.0', '30', '0000-00-00 00:00:00', '0000-00-00 00:00:00'),
(84, '2014-02-02', '17:30:00', 2, 1, '1.0', '1.0', '1', '1', 0, 0, '1', '1.0', '1.0', '1.0', '1.0', '1.0', '1', '1', '1.0', '1', 1, '1', '1', '1', '1.0', '1.0', '1.0', '1.0', '1.0', '1.0', '1.0', '1.0', '1.0', '1.0', '1', '0000-00-00 00:00:00', '0000-00-00 00:00:00'),
(85, '2014-02-02', '18:00:00', 2, 0, '0.0', '0.0', 'office1', '150', 0, 0, '43', '66.0', '50.0', '0.0', '0.0', '0.0', '0', '0', '0.0', '0', 0, '0', '10', '0', '10.0', '0.0', '0.0', '0.0', '0.0', '0.0', '0.0', '0.0', '40.0', '30.0', '30', '0000-00-00 00:00:00', '2014-02-16 11:58:30'),
(87, '2014-01-31', '08:00:00', 2, 1, '2.0', '3.0', '4', '5', 0, 0, '4', '3.0', '2.0', '3.0', '4.0', '5.0', '6', '7', '8.0', '7', 6, '5', '4', '5', '6.0', '7.0', '8.0', '9.0', '0.0', '9.0', '8.0', '7.0', '9.0', '6.0', '8', '2014-02-16 12:20:06', '2014-02-16 12:20:06'),
(88, '2014-01-27', '08:00:00', 2, 0, '7.0', '6.0', '5', '4', 0, 0, '3', '4.0', '5.0', '6.0', '7.0', '8.0', '9', '87', '76.0', '65', 54, '34', '54', '67', '78.0', '89.0', '87.0', '67.0', '65.0', '54.0', '43.0', '23.0', '34.0', '54.0', '54', '2014-02-16 12:21:04', '2014-02-19 22:37:30'),
(89, '2014-02-04', '18:00:00', 2, 1, '1.0', '1.0', '1', '1', 0, 0, '1', '1.0', '1.0', '1.0', '1.0', '1.0', '1', '1', '1.0', '1', 1, '1', '1', '1', '1.0', '1.0', '1.0', '1.0', '1.0', '1.0', '1.0', '1.0', '1.0', '1.0', '1', '2014-02-16 12:21:35', '2014-02-16 12:21:35'),
(90, '2014-02-11', '08:00:00', 2, 1, '0.0', '0.0', '', '0', 0, 0, '0', '0.0', '0.0', '0.0', '0.0', '0.0', '0', '0', '0.0', '0', 0, '0', '0', '0', '0.0', '0.0', '0.0', '0.0', '0.0', '0.0', '0.0', '0.0', '0.0', '0.0', '0', '2014-02-16 12:21:54', '2014-02-16 12:21:54'),
(91, '2014-02-07', '08:00:00', 2, 1, '1.0', '0.0', '', '0', 0, 0, '0', '0.0', '0.0', '0.0', '0.0', '0.0', '0', '0', '0.0', '0', 0, '0', '0', '0', '0.0', '0.0', '0.0', '0.0', '0.0', '0.0', '0.0', '0.0', '0.0', '0.0', '0', '2014-02-16 12:22:12', '2014-02-16 12:22:12'),
(896, '2014-02-01', '08:00:00', 1, 0, '0.0', '0.0', 'kitchen', '0', 0, 0, '0', '0.0', '0.0', '0.0', '0.0', '0.0', '0', '0', '0.0', '0', 0, '0', '0', '0', '0.0', '0.0', '0.0', '0.0', '0.0', '0.0', '0.0', '0.0', '0.0', '0.0', '0', '2014-02-19 19:36:13', '2014-02-19 20:38:09'),
(897, '2014-02-01', '08:30:00', 1, 0, '0.0', '0.0', 'kitchen', '0', 0, 0, '0', '0.0', '0.0', '0.0', '0.0', '0.0', '0', '0', '0.0', '0', 0, '0', '0', '0', '0.0', '0.0', '0.0', '0.0', '0.0', '0.0', '0.0', '0.0', '0.0', '0.0', '0', '2014-02-19 19:36:13', '2014-02-19 20:38:09'),
(898, '2014-02-01', '09:00:00', 1, 0, '0.0', '0.0', 'kitchen', '0', 0, 0, '0', '0.0', '0.0', '0.0', '0.0', '0.0', '0', '0', '0.0', '1', 1, '1', '1', '1', '1.0', '1.0', '1.0', '1.0', '1.0', '1.0', '1.0', '1.0', '1.0', '1.0', '1', '2014-02-19 19:36:13', '2014-02-19 20:38:09'),
(899, '2014-02-01', '09:30:00', 1, 0, '0.0', '0.0', 'kitchen', '0', 0, 0, '0', '0.0', '0.0', '0.0', '0.0', '0.0', '0', '0', '0.0', '15', 16, '17', '18', '19', '20.0', '21.0', '22.0', '23.0', '24.0', '25.0', '26.0', '27.0', '28.0', '29.0', '30', '2014-02-19 19:36:13', '2014-02-19 20:38:09'),
(900, '2014-02-01', '10:00:00', 1, 0, '0.0', '0.0', 'kitchen', '0', 0, 0, '0', '0.0', '0.0', '0.0', '0.0', '0.0', '0', '0', '0.0', '1', 1, '1', '1', '1', '1.0', '1.0', '1.0', '1.0', '1.0', '1.0', '1.0', '1.0', '1.0', '1.0', '1', '2014-02-19 19:36:13', '2014-02-19 20:38:09'),
(901, '2014-02-01', '10:30:00', 1, 0, '0.0', '0.0', 'kitchen', '0', 0, 0, '0', '0.0', '0.0', '0.0', '0.0', '0.0', '0', '0', '0.0', '0', 0, '0', '10', '0', '10.0', '0.0', '0.0', '0.0', '0.0', '0.0', '0.0', '0.0', '40.0', '30.0', '30', '2014-02-19 19:36:13', '2014-02-19 20:38:09'),
(902, '2014-02-01', '11:00:00', 1, 1, '0.0', '0.0', 'kitchen', '150', 0, 0, '0', '0.0', '1.0', '0.0', '0.0', '0.0', '0', '0', '0.0', '0', 0, '0', '0', '0', '0.0', '0.0', '0.0', '0.0', '0.0', '0.0', '0.0', '0.0', '0.0', '0.0', '0', '2014-02-19 19:36:13', '2014-02-19 20:38:09'),
(903, '2014-02-01', '11:30:00', 1, 0, '0.0', '0.0', 'kitchen', '0', 0, 0, '0', '0.0', '0.0', '0.0', '0.0', '0.0', '0', '0', '0.0', '0', 0, '0', '0', '0', '0.0', '0.0', '0.0', '0.0', '0.0', '0.0', '0.0', '0.0', '0.0', '0.0', '0', '2014-02-19 19:36:13', '2014-02-19 20:38:09'),
(904, '2014-02-01', '12:00:00', 1, 0, '0.0', '0.0', 'kitchen', '0', 0, 0, '0', '0.0', '0.0', '0.0', '0.0', '0.0', '0', '0', '0.0', '0', 0, '0', '0', '0', '0.0', '0.0', '0.0', '0.0', '0.0', '0.0', '0.0', '0.0', '0.0', '0.0', '0', '2014-02-19 19:36:13', '2014-02-19 20:38:09'),
(905, '2014-02-01', '12:30:00', 1, 0, '0.0', '0.0', 'kitchen', '0', 0, 0, '0', '0.0', '0.0', '0.0', '0.0', '0.0', '0', '0', '0.0', '0', 0, '0', '0', '0', '0.0', '0.0', '0.0', '0.0', '0.0', '0.0', '0.0', '0.0', '0.0', '0.0', '0', '2014-02-19 19:36:13', '2014-02-19 20:38:09'),
(906, '2014-02-01', '13:00:00', 1, 0, '0.0', '0.0', 'kitchen', '0', 0, 0, '0', '0.0', '0.0', '0.0', '0.0', '0.0', '0', '0', '0.0', '0', 0, '0', '0', '0', '0.0', '0.0', '0.0', '0.0', '0.0', '0.0', '0.0', '0.0', '0.0', '0.0', '0', '2014-02-19 19:36:13', '2014-02-19 20:38:09'),
(907, '2014-02-01', '13:30:00', 1, 1, '1.0', '1.0', 'kitchen', '1', 0, 0, '1', '1.0', '1.0', '1.0', '1.0', '1.0', '1', '1', '1.0', '1', 1, '1', '1', '1', '1.0', '1.0', '1.0', '1.0', '1.0', '1.0', '1.0', '1.0', '1.0', '1.0', '1', '2014-02-19 19:36:13', '2014-02-19 20:38:09'),
(908, '2014-02-01', '14:00:00', 1, 1, '2.0', '3.0', 'kitchen', '5', 0, 0, '6', '7.0', '8.0', '9.0', '11.0', '12.2', '12', '13', '14.0', '15', 16, '17', '18', '19', '20.0', '21.0', '22.0', '23.0', '24.0', '25.0', '26.0', '27.0', '28.0', '29.0', '30', '2014-02-19 19:36:13', '2014-02-19 20:38:09'),
(909, '2014-02-01', '14:30:00', 1, 1, '1.0', '1.0', 'kitchen', '1', 0, 0, '1', '1.0', '1.0', '1.0', '1.0', '1.0', '1', '1', '1.0', '1', 1, '1', '1', '1', '1.0', '1.0', '1.0', '1.0', '1.0', '1.0', '1.0', '1.0', '1.0', '1.0', '1', '2014-02-19 19:36:13', '2014-02-19 20:38:10'),
(910, '2014-02-01', '15:00:00', 1, 0, '0.0', '0.0', 'kitchen', '150', 0, 0, '43', '66.0', '50.0', '0.0', '0.0', '0.0', '0', '0', '0.0', '0', 0, '0', '10', '0', '10.0', '0.0', '0.0', '0.0', '0.0', '0.0', '0.0', '0.0', '40.0', '30.0', '30', '2014-02-19 19:36:13', '2014-02-19 20:38:10'),
(911, '2014-02-01', '15:30:00', 1, 1, '0.0', '0.0', 'kitchen', '150', 0, 0, '0', '0.0', '1.0', '0.0', '0.0', '0.0', '0', '0', '0.0', '0', 0, '0', '0', '0', '0.0', '0.0', '0.0', '0.0', '0.0', '0.0', '0.0', '0.0', '0.0', '0.0', '0', '2014-02-19 19:36:13', '2014-02-19 20:38:10'),
(912, '2014-02-01', '16:00:00', 1, 0, '0.0', '0.0', 'kitchen', '0', 0, 0, '0', '0.0', '0.0', '0.0', '0.0', '0.0', '0', '0', '0.0', '0', 0, '0', '0', '0', '0.0', '0.0', '0.0', '0.0', '0.0', '0.0', '0.0', '0.0', '0.0', '0.0', '0', '2014-02-19 19:36:13', '2014-02-19 20:38:10'),
(913, '2014-02-01', '16:30:00', 1, 0, '0.0', '0.0', 'kitchen', '0', 0, 0, '0', '0.0', '0.0', '0.0', '0.0', '0.0', '0', '0', '0.0', '0', 0, '0', '0', '0', '0.0', '0.0', '0.0', '0.0', '0.0', '0.0', '0.0', '0.0', '0.0', '0.0', '0', '2014-02-19 19:36:13', '2014-02-19 20:38:10'),
(914, '2014-02-01', '17:00:00', 1, 0, '0.0', '0.0', 'kitchen', '0', 0, 0, '0', '0.0', '0.0', '0.0', '0.0', '0.0', '0', '0', '0.0', '0', 0, '0', '0', '0', '0.0', '0.0', '0.0', '0.0', '0.0', '0.0', '0.0', '0.0', '0.0', '0.0', '0', '2014-02-19 19:36:13', '2014-02-19 20:38:10'),
(915, '2014-02-01', '17:30:00', 1, 0, '0.0', '0.0', 'kitchen', '0', 0, 0, '0', '0.0', '0.0', '0.0', '0.0', '0.0', '0', '0', '0.0', '0', 0, '0', '0', '0', '0.0', '0.0', '0.0', '0.0', '0.0', '0.0', '0.0', '0.0', '0.0', '0.0', '0', '2014-02-19 19:36:13', '2014-02-19 20:38:10'),
(916, '2014-02-01', '18:00:00', 1, 1, '1.0', '1.0', 'kitchen', '1', 0, 0, '1', '1.0', '1.0', '1.0', '1.0', '1.0', '1', '1', '1.0', '1', 1, '1', '1', '1', '1.0', '1.0', '1.0', '1.0', '1.0', '1.0', '1.0', '1.0', '1.0', '1.0', '1', '2014-02-19 19:36:13', '2014-02-19 20:38:10'),
(917, '2014-02-01', '18:30:00', 1, 1, '2.0', '3.0', 'kitchen', '5', 0, 0, '6', '7.0', '8.0', '9.0', '11.0', '12.2', '12', '13', '14.0', '15', 16, '17', '18', '19', '20.0', '21.0', '22.0', '23.0', '24.0', '25.0', '26.0', '27.0', '28.0', '29.0', '30', '2014-02-19 19:36:13', '2014-02-19 20:38:10'),
(918, '2014-02-01', '19:00:00', 1, 1, '1.0', '1.0', 'kitchen', '1', 0, 0, '1', '1.0', '1.0', '1.0', '1.0', '1.0', '1', '1', '1.0', '1', 1, '1', '1', '1', '1.0', '1.0', '1.0', '1.0', '1.0', '1.0', '1.0', '1.0', '1.0', '1.0', '1', '2014-02-19 19:36:13', '2014-02-19 20:38:10'),
(919, '2014-02-01', '19:30:00', 1, 0, '0.0', '0.0', 'kitchen', '150', 0, 0, '43', '66.0', '50.0', '0.0', '0.0', '0.0', '0', '0', '0.0', '0', 0, '0', '10', '0', '10.0', '0.0', '0.0', '0.0', '0.0', '0.0', '0.0', '0.0', '40.0', '30.0', '30', '2014-02-19 19:36:14', '2014-02-19 20:38:10'),
(920, '2014-02-01', '20:00:00', 1, 1, '0.0', '0.0', 'kitchen', '150', 0, 0, '0', '0.0', '1.0', '0.0', '0.0', '0.0', '0', '0', '0.0', '0', 0, '0', '0', '0', '0.0', '0.0', '0.0', '0.0', '0.0', '0.0', '0.0', '0.0', '0.0', '0.0', '0', '2014-02-19 19:36:14', '2014-02-19 20:38:10'),
(921, '2014-02-01', '20:30:00', 1, 0, '0.0', '0.0', 'kitchen', '0', 0, 0, '0', '0.0', '0.0', '0.0', '0.0', '0.0', '0', '0', '0.0', '0', 0, '0', '0', '0', '0.0', '0.0', '0.0', '0.0', '0.0', '0.0', '0.0', '0.0', '0.0', '0.0', '0', '2014-02-19 19:36:14', '2014-02-19 20:38:10'),
(922, '2014-02-01', '21:00:00', 1, 0, '0.0', '0.0', 'kitchen', '0', 0, 0, '0', '0.0', '0.0', '0.0', '0.0', '0.0', '0', '0', '0.0', '0', 0, '0', '0', '0', '0.0', '0.0', '0.0', '0.0', '0.0', '0.0', '0.0', '0.0', '0.0', '0.0', '0', '2014-02-19 19:36:14', '2014-02-19 20:38:10'),
(923, '2014-02-01', '21:30:00', 1, 0, '0.0', '0.0', 'kitchen', '0', 0, 0, '0', '0.0', '0.0', '0.0', '0.0', '0.0', '0', '0', '0.0', '0', 0, '0', '0', '0', '0.0', '0.0', '0.0', '0.0', '0.0', '0.0', '0.0', '0.0', '0.0', '0.0', '0', '2014-02-19 19:36:14', '2014-02-19 20:38:10'),
(924, '2014-02-01', '22:00:00', 1, 0, '0.0', '0.0', 'kitchen', '0', 0, 0, '0', '0.0', '0.0', '0.0', '0.0', '0.0', '0', '0', '0.0', '0', 0, '0', '0', '0', '0.0', '0.0', '0.0', '0.0', '0.0', '0.0', '0.0', '0.0', '0.0', '0.0', '0', '2014-02-19 19:36:14', '2014-02-19 20:38:11'),
(925, '2014-02-01', '22:30:00', 1, 1, '1.0', '1.0', 'kitchen', '1', 0, 0, '1', '1.0', '1.0', '1.0', '1.0', '1.0', '1', '1', '1.0', '1', 1, '1', '1', '1', '1.0', '1.0', '1.0', '1.0', '1.0', '1.0', '1.0', '1.0', '1.0', '1.0', '1', '2014-02-19 19:36:14', '2014-02-19 20:38:11'),
(926, '2014-02-01', '23:00:00', 1, 1, '2.0', '3.0', 'kitchen', '5', 0, 0, '6', '7.0', '8.0', '9.0', '11.0', '12.2', '12', '13', '14.0', '15', 16, '17', '18', '19', '20.0', '21.0', '22.0', '23.0', '24.0', '25.0', '26.0', '27.0', '28.0', '29.0', '30', '2014-02-19 19:36:14', '2014-02-19 20:38:11'),
(927, '2014-02-01', '23:30:00', 1, 1, '1.0', '1.0', 'kitchen', '1', 0, 0, '1', '1.0', '1.0', '1.0', '1.0', '1.0', '1', '1', '1.0', '1', 1, '1', '1', '1', '1.0', '1.0', '1.0', '1.0', '1.0', '1.0', '1.0', '1.0', '1.0', '1.0', '1', '2014-02-19 19:36:14', '2014-02-19 20:38:11'),
(928, '2014-02-02', '00:00:00', 1, 0, '0.0', '0.0', 'kitchen', '150', 0, 0, '43', '66.0', '50.0', '0.0', '0.0', '0.0', '0', '0', '0.0', '0', 0, '0', '10', '0', '10.0', '0.0', '0.0', '0.0', '0.0', '0.0', '0.0', '0.0', '40.0', '30.0', '30', '2014-02-19 19:36:14', '2014-02-19 20:38:11'),
(929, '2014-02-02', '00:30:00', 1, 1, '0.0', '0.0', 'kitchen', '150', 0, 0, '0', '0.0', '1.0', '0.0', '0.0', '0.0', '0', '0', '0.0', '0', 0, '0', '0', '0', '0.0', '0.0', '0.0', '0.0', '0.0', '0.0', '0.0', '0.0', '0.0', '0.0', '0', '2014-02-19 19:36:14', '2014-02-19 20:38:11'),
(930, '2014-02-02', '01:00:00', 1, 0, '0.0', '0.0', 'kitchen', '0', 0, 0, '0', '0.0', '0.0', '0.0', '0.0', '0.0', '0', '0', '0.0', '0', 0, '0', '0', '0', '0.0', '0.0', '0.0', '0.0', '0.0', '0.0', '0.0', '0.0', '0.0', '0.0', '0', '2014-02-19 19:36:14', '2014-02-19 20:38:11'),
(931, '2014-02-02', '01:30:00', 1, 0, '0.0', '0.0', 'kitchen', '0', 0, 0, '0', '0.0', '0.0', '0.0', '0.0', '0.0', '0', '0', '0.0', '0', 0, '0', '0', '0', '0.0', '0.0', '0.0', '0.0', '0.0', '0.0', '0.0', '0.0', '0.0', '0.0', '0', '2014-02-19 19:36:14', '2014-02-19 20:38:11'),
(932, '2014-02-02', '02:00:00', 1, 0, '0.0', '0.0', 'kitchen', '0', 0, 0, '0', '0.0', '0.0', '0.0', '0.0', '0.0', '0', '0', '0.0', '0', 0, '0', '0', '0', '0.0', '0.0', '0.0', '0.0', '0.0', '0.0', '0.0', '0.0', '0.0', '0.0', '0', '2014-02-19 19:36:14', '2014-02-19 20:38:11'),
(933, '2014-02-02', '02:30:00', 1, 0, '0.0', '0.0', 'kitchen', '0', 0, 0, '0', '0.0', '0.0', '0.0', '0.0', '0.0', '0', '0', '0.0', '0', 0, '0', '0', '0', '0.0', '0.0', '0.0', '0.0', '0.0', '0.0', '0.0', '0.0', '0.0', '0.0', '0', '2014-02-19 19:36:14', '2014-02-19 20:38:11'),
(934, '2014-02-02', '03:00:00', 1, 1, '1.0', '1.0', 'kitchen', '1', 0, 0, '1', '1.0', '1.0', '1.0', '1.0', '1.0', '1', '1', '1.0', '1', 1, '1', '1', '1', '1.0', '1.0', '1.0', '1.0', '1.0', '1.0', '1.0', '1.0', '1.0', '1.0', '1', '2014-02-19 19:36:14', '2014-02-19 20:38:11'),
(935, '2014-02-02', '03:30:00', 1, 1, '2.0', '3.0', 'kitchen', '5', 0, 0, '6', '7.0', '8.0', '9.0', '11.0', '12.2', '12', '13', '14.0', '15', 16, '17', '18', '19', '20.0', '21.0', '22.0', '23.0', '24.0', '25.0', '26.0', '27.0', '28.0', '29.0', '30', '2014-02-19 19:36:14', '2014-02-19 20:38:11'),
(936, '2014-02-02', '04:00:00', 1, 1, '1.0', '1.0', 'kitchen', '1', 0, 0, '1', '1.0', '1.0', '1.0', '1.0', '1.0', '1', '1', '1.0', '1', 1, '1', '1', '1', '1.0', '1.0', '1.0', '1.0', '1.0', '1.0', '1.0', '1.0', '1.0', '1.0', '1', '2014-02-19 19:36:14', '2014-02-19 20:38:11'),
(937, '2014-02-02', '04:30:00', 1, 0, '0.0', '0.0', 'kitchen', '150', 0, 0, '43', '66.0', '50.0', '0.0', '0.0', '0.0', '0', '0', '0.0', '0', 0, '0', '10', '0', '10.0', '0.0', '0.0', '0.0', '0.0', '0.0', '0.0', '0.0', '40.0', '30.0', '30', '2014-02-19 19:36:14', '2014-02-19 20:38:11'),
(938, '2014-02-02', '05:00:00', 1, 1, '0.0', '0.0', 'kitchen', '150', 0, 0, '0', '0.0', '1.0', '0.0', '0.0', '0.0', '0', '0', '0.0', '0', 0, '0', '0', '0', '0.0', '0.0', '0.0', '0.0', '0.0', '0.0', '0.0', '0.0', '0.0', '0.0', '0', '2014-02-19 19:36:14', '2014-02-19 20:38:11'),
(939, '2014-02-02', '05:30:00', 1, 0, '0.0', '0.0', 'kitchen', '0', 0, 0, '0', '0.0', '0.0', '0.0', '0.0', '0.0', '0', '0', '0.0', '0', 0, '0', '0', '0', '0.0', '0.0', '0.0', '0.0', '0.0', '0.0', '0.0', '0.0', '0.0', '0.0', '0', '2014-02-19 19:36:14', '2014-02-19 20:38:11'),
(940, '2014-02-02', '06:00:00', 1, 0, '0.0', '0.0', 'kitchen', '0', 0, 0, '0', '0.0', '0.0', '0.0', '0.0', '0.0', '0', '0', '0.0', '0', 0, '0', '0', '0', '0.0', '0.0', '0.0', '0.0', '0.0', '0.0', '0.0', '0.0', '0.0', '0.0', '0', '2014-02-19 19:36:14', '2014-02-19 20:38:11'),
(941, '2014-02-02', '06:30:00', 1, 0, '0.0', '0.0', 'kitchen', '0', 0, 0, '0', '0.0', '0.0', '0.0', '0.0', '0.0', '0', '0', '0.0', '0', 0, '0', '0', '0', '0.0', '0.0', '0.0', '0.0', '0.0', '0.0', '0.0', '0.0', '0.0', '0.0', '0', '2014-02-19 19:36:14', '2014-02-19 20:38:11'),
(942, '2014-02-02', '07:00:00', 1, 0, '0.0', '0.0', 'kitchen', '0', 0, 0, '0', '0.0', '0.0', '0.0', '0.0', '0.0', '0', '0', '0.0', '0', 0, '0', '0', '0', '0.0', '0.0', '0.0', '0.0', '0.0', '0.0', '0.0', '0.0', '0.0', '0.0', '0', '2014-02-19 19:36:14', '2014-02-19 20:38:11'),
(943, '2014-02-02', '07:30:00', 1, 1, '1.0', '1.0', 'kitchen', '1', 0, 0, '1', '1.0', '1.0', '1.0', '1.0', '1.0', '1', '1', '1.0', '1', 1, '1', '1', '1', '1.0', '1.0', '1.0', '1.0', '1.0', '1.0', '1.0', '1.0', '1.0', '1.0', '1', '2014-02-19 19:36:14', '2014-02-19 20:38:11'),
(944, '2014-02-02', '08:00:00', 1, 1, '2.0', '3.0', 'kitchen', '5', 0, 0, '6', '7.0', '8.0', '9.0', '11.0', '12.2', '12', '13', '14.0', '15', 16, '17', '18', '19', '20.0', '21.0', '22.0', '23.0', '24.0', '25.0', '26.0', '27.0', '28.0', '29.0', '30', '2014-02-19 19:36:15', '2014-02-19 20:38:11'),
(945, '2014-02-02', '08:30:00', 1, 1, '1.0', '1.0', 'kitchen', '1', 0, 0, '1', '1.0', '1.0', '1.0', '1.0', '1.0', '1', '1', '1.0', '1', 1, '1', '1', '1', '1.0', '1.0', '1.0', '1.0', '1.0', '1.0', '1.0', '1.0', '1.0', '1.0', '1', '2014-02-19 19:36:15', '2014-02-19 20:38:12'),
(946, '2014-02-02', '09:00:00', 1, 0, '0.0', '0.0', 'kitchen', '150', 0, 0, '43', '66.0', '50.0', '0.0', '0.0', '0.0', '0', '0', '0.0', '0', 0, '0', '10', '0', '10.0', '0.0', '0.0', '0.0', '0.0', '0.0', '0.0', '0.0', '40.0', '30.0', '30', '2014-02-19 19:36:15', '2014-02-19 20:38:12'),
(947, '2014-02-02', '09:30:00', 1, 1, '0.0', '0.0', 'kitchen', '150', 0, 0, '0', '0.0', '1.0', '0.0', '0.0', '0.0', '0', '0', '0.0', '0', 0, '0', '0', '0', '0.0', '0.0', '0.0', '0.0', '0.0', '0.0', '0.0', '0.0', '0.0', '0.0', '0', '2014-02-19 19:36:15', '2014-02-19 20:38:12'),
(948, '2014-02-02', '10:00:00', 1, 0, '0.0', '0.0', 'kitchen', '0', 0, 0, '0', '0.0', '0.0', '0.0', '0.0', '0.0', '0', '0', '0.0', '0', 0, '0', '0', '0', '0.0', '0.0', '0.0', '0.0', '0.0', '0.0', '0.0', '0.0', '0.0', '0.0', '0', '2014-02-19 19:36:15', '2014-02-19 20:38:12'),
(949, '2014-02-02', '10:30:00', 1, 0, '0.0', '0.0', 'kitchen', '0', 0, 0, '0', '0.0', '0.0', '0.0', '0.0', '0.0', '0', '0', '0.0', '0', 0, '0', '0', '0', '0.0', '0.0', '0.0', '0.0', '0.0', '0.0', '0.0', '0.0', '0.0', '0.0', '0', '2014-02-19 19:36:15', '2014-02-19 20:38:12'),
(950, '2014-02-02', '11:00:00', 1, 0, '0.0', '0.0', 'kitchen', '0', 0, 0, '0', '0.0', '0.0', '0.0', '0.0', '0.0', '0', '0', '0.0', '0', 0, '0', '0', '0', '0.0', '0.0', '0.0', '0.0', '0.0', '0.0', '0.0', '0.0', '0.0', '0.0', '0', '2014-02-19 19:36:15', '2014-02-19 20:38:12'),
(951, '2014-02-02', '11:30:00', 1, 0, '0.0', '0.0', 'kitchen', '0', 0, 0, '0', '0.0', '0.0', '0.0', '0.0', '0.0', '0', '0', '0.0', '0', 0, '0', '0', '0', '0.0', '0.0', '0.0', '0.0', '0.0', '0.0', '0.0', '0.0', '0.0', '0.0', '0', '2014-02-19 19:36:15', '2014-02-19 20:38:12'),
(952, '2014-02-02', '12:00:00', 1, 1, '1.0', '1.0', 'kitchen', '1', 0, 0, '1', '1.0', '1.0', '1.0', '1.0', '1.0', '1', '1', '1.0', '1', 1, '1', '1', '1', '1.0', '1.0', '1.0', '1.0', '1.0', '1.0', '1.0', '1.0', '1.0', '1.0', '1', '2014-02-19 19:36:15', '2014-02-19 20:38:12'),
(953, '2014-02-02', '12:30:00', 1, 1, '2.0', '3.0', 'kitchen', '5', 0, 0, '6', '7.0', '8.0', '9.0', '11.0', '12.2', '12', '13', '14.0', '15', 16, '17', '18', '19', '20.0', '21.0', '22.0', '23.0', '24.0', '25.0', '26.0', '27.0', '28.0', '29.0', '30', '2014-02-19 19:36:15', '2014-02-19 20:38:12'),
(954, '2014-02-02', '13:00:00', 1, 1, '1.0', '1.0', 'kitchen', '1', 0, 0, '1', '1.0', '1.0', '1.0', '1.0', '1.0', '1', '1', '1.0', '1', 1, '1', '1', '1', '1.0', '1.0', '1.0', '1.0', '1.0', '1.0', '1.0', '1.0', '1.0', '1.0', '1', '2014-02-19 19:36:15', '2014-02-19 20:38:12'),
(955, '2014-02-02', '13:30:00', 1, 0, '0.0', '0.0', 'kitchen', '150', 0, 0, '43', '66.0', '50.0', '0.0', '0.0', '0.0', '0', '0', '0.0', '0', 0, '0', '10', '0', '10.0', '0.0', '0.0', '0.0', '0.0', '0.0', '0.0', '0.0', '40.0', '30.0', '30', '2014-02-19 19:36:15', '2014-02-19 20:38:12'),
(956, '2014-02-02', '14:00:00', 1, 1, '0.0', '0.0', 'kitchen', '150', 0, 0, '0', '0.0', '1.0', '0.0', '0.0', '0.0', '0', '0', '0.0', '0', 0, '0', '0', '0', '0.0', '0.0', '0.0', '0.0', '0.0', '0.0', '0.0', '0.0', '0.0', '0.0', '0', '2014-02-19 19:36:15', '2014-02-19 20:38:12'),
(957, '2014-02-02', '14:30:00', 1, 0, '0.0', '0.0', 'kitchen', '0', 0, 0, '0', '0.0', '0.0', '0.0', '0.0', '0.0', '0', '0', '0.0', '0', 0, '0', '0', '0', '0.0', '0.0', '0.0', '0.0', '0.0', '0.0', '0.0', '0.0', '0.0', '0.0', '0', '2014-02-19 19:36:15', '2014-02-19 20:38:12'),
(958, '2014-02-02', '15:00:00', 1, 0, '0.0', '0.0', 'kitchen', '0', 0, 0, '0', '0.0', '0.0', '0.0', '0.0', '0.0', '0', '0', '0.0', '0', 0, '0', '0', '0', '0.0', '0.0', '0.0', '0.0', '0.0', '0.0', '0.0', '0.0', '0.0', '0.0', '0', '2014-02-19 19:36:15', '2014-02-19 20:38:12'),
(959, '2014-02-02', '15:30:00', 1, 0, '0.0', '0.0', 'kitchen', '0', 0, 0, '0', '0.0', '0.0', '0.0', '0.0', '0.0', '0', '0', '0.0', '0', 0, '0', '0', '0', '0.0', '0.0', '0.0', '0.0', '0.0', '0.0', '0.0', '0.0', '0.0', '0.0', '0', '2014-02-19 19:36:15', '2014-02-19 20:38:12'),
(960, '2014-02-02', '16:00:00', 1, 0, '0.0', '0.0', 'kitchen', '0', 0, 0, '0', '0.0', '0.0', '0.0', '0.0', '0.0', '0', '0', '0.0', '0', 0, '0', '0', '0', '0.0', '0.0', '0.0', '0.0', '0.0', '0.0', '0.0', '0.0', '0.0', '0.0', '0', '2014-02-19 19:36:15', '2014-02-19 20:38:12'),
(961, '2014-02-02', '16:30:00', 1, 1, '1.0', '1.0', 'kitchen', '1', 0, 0, '1', '1.0', '1.0', '1.0', '1.0', '1.0', '1', '1', '1.0', '1', 1, '1', '1', '1', '1.0', '1.0', '1.0', '1.0', '1.0', '1.0', '1.0', '1.0', '1.0', '1.0', '1', '2014-02-19 19:36:15', '2014-02-19 20:38:12'),
(962, '2014-02-02', '17:00:00', 1, 1, '2.0', '3.0', 'kitchen', '5', 0, 0, '6', '7.0', '8.0', '9.0', '11.0', '12.2', '12', '13', '14.0', '15', 16, '17', '18', '19', '20.0', '21.0', '22.0', '23.0', '24.0', '25.0', '26.0', '27.0', '28.0', '29.0', '30', '2014-02-19 19:36:15', '2014-02-19 20:38:13'),
(963, '2014-02-02', '17:30:00', 1, 1, '1.0', '1.0', 'kitchen', '1', 0, 0, '1', '1.0', '1.0', '1.0', '1.0', '1.0', '1', '1', '1.0', '1', 1, '1', '1', '1', '1.0', '1.0', '1.0', '1.0', '1.0', '1.0', '1.0', '1.0', '1.0', '1.0', '1', '2014-02-19 19:36:15', '2014-02-19 20:38:13'),
(964, '2014-02-02', '18:00:00', 1, 3, '4.0', '5.0', 'kitchen', '150', 0, 0, '43', '66.0', '50.0', '0.0', '0.0', '0.0', '0', '0', '99.0', '0', 0, '0', '10', '0', '10.0', '0.0', '0.0', '0.0', '0.0', '0.0', '0.0', '0.0', '40.0', '30.0', '99', '2014-02-19 19:36:15', '2014-02-19 20:38:13'),
(965, '2014-02-02', '18:30:00', 1, 3, '4.0', '5.0', 'kitchen', '150', 0, 0, '43', '66.0', '50.0', '0.0', '0.0', '0.0', '0', '0', '99.0', '0', 0, '0', '10', '0', '10.0', '0.0', '0.0', '0.0', '0.0', '0.0', '0.0', '0.0', '40.0', '30.0', '99', '2014-02-19 19:36:15', '2014-02-19 20:38:13'),
(975, '2014-02-01', '07:30:00', 1, 1, '0.0', '0.0', 'kitchen', '0', 0, 0, '0', '0.0', '0.0', '0.0', '0.0', '0.0', '0', '0', '0.0', '0', 0, '0', '0', '0', '0.0', '0.0', '0.0', '0.0', '0.0', '0.0', '0.0', '0.0', '0.0', '0.0', '0', '2014-02-19 20:02:34', '2014-02-19 20:38:09'),
(977, '2014-02-01', '07:00:00', 1, 1, '0.0', '0.0', 'no time', '0', 0, 0, '550', '0.0', '0.0', '0.0', '0.0', '0.0', '0', '0', '0.0', '0', 0, '0', '0', '0', '0.0', '0.0', '0.0', '0.0', '0.0', '0.0', '0.0', '0.0', '0.0', '0.0', '0', '2014-02-19 20:13:49', '2014-02-19 20:38:09'),
(978, '2014-02-01', '06:30:00', 1, 1, '4.0', '5.0', 'no date', '250', 0, 0, '0', '0.0', '1.0', '0.0', '0.0', '0.0', '0', '0', '0.0', '0', 0, '0', '0', '0', '0.0', '0.0', '0.0', '0.0', '0.0', '0.0', '0.0', '0.0', '0.0', '0.0', '99', '2014-02-19 20:37:14', '2014-02-19 20:38:09'),
(979, '2014-02-02', '09:00:00', 6, 0, '0.0', '0.0', 'kitchen', '150', 0, 0, '43', '66.0', '50.0', '0.0', '0.0', '0.0', '0', '0', '0.0', '0', 0, '0', '10', '0', '10.0', '0.0', '0.0', '0.0', '0.0', '0.0', '0.0', '0.0', '40.0', '30.0', '30', '2014-02-21 08:12:59', '2014-02-21 08:15:31'),
(1084, '2014-02-01', '06:30:00', 16, 0, '59.0', '54.0', 'lab', '150', 450, 0, '45', '56.0', '50.0', '1.3', '1.4', '60.0', '75', '40', '0.0', '0', 0, '0', '0', '0', '0.0', '0.0', '0.0', '0.0', '0.0', '0.0', '0.0', '0.0', '0.0', '0.0', '99', '2014-02-22 23:21:51', '2014-03-10 23:26:16'),
(1085, '2014-02-01', '07:00:00', 16, 0, '62.0', '57.0', 'lab', '150', 350, 0, '45', '59.0', '50.0', '1.4', '1.4', '58.0', '60', '30', '0.0', '0', 0, '0', '0', '0', '0.0', '0.0', '0.0', '0.0', '0.0', '0.0', '0.0', '0.0', '0.0', '0.0', '0', '2014-02-22 23:21:51', '2014-03-10 23:26:21'),
(1086, '2014-02-01', '07:30:00', 16, 0, '65.0', '60.0', 'lab', '150', 230, 0, '45', '62.0', '50.0', '1.2', '1.4', '57.0', '75', '40', '0.0', '0', 0, '0', '0', '0', '0.0', '0.0', '0.0', '0.0', '0.0', '0.0', '0.0', '0.0', '0.0', '0.0', '0', '2014-02-22 23:21:51', '2014-03-10 23:26:25'),
(1087, '2014-02-01', '08:00:00', 16, 1, '65.0', '60.0', 'lab', '150', 190, 0, '45', '62.0', '50.0', '1.2', '1.4', '55.0', '60', '30', '0.0', '0', 0, '0', '0', '0', '0.0', '0.0', '0.0', '0.0', '0.0', '0.0', '0.0', '0.0', '0.0', '0.0', '0', '2014-02-22 23:21:51', '2014-03-10 23:26:29'),
(1088, '2014-02-01', '08:30:00', 16, 1, '66.0', '61.0', 'lab', '150', 250, 0, '45', '63.0', '50.0', '1.2', '1.4', '52.0', '60', '25', '0.0', '0', 0, '0', '0', '0', '0.0', '0.0', '0.0', '0.0', '0.0', '0.0', '0.0', '0.0', '0.0', '0.0', '0', '2014-02-22 23:21:51', '2014-03-10 23:29:50'),
(1089, '2014-02-01', '09:00:00', 16, 1, '65.0', '60.0', 'lab', '150', 280, 0, '45', '62.0', '50.0', '1.1', '1.4', '54.0', '57', '25', '0.0', '1', 1, '1', '1', '1', '1.0', '1.0', '1.0', '1.0', '1.0', '1.0', '1.0', '1.0', '1.0', '1.0', '1', '2014-02-22 23:21:51', '2014-03-10 23:29:55'),
(1090, '2014-02-01', '09:30:00', 16, 1, '65.0', '60.0', 'lab', '150', 300, 0, '45', '62.0', '50.0', '1.2', '1.4', '56.0', '54', '35', '0.0', '15', 16, '17', '18', '19', '20.0', '21.0', '22.0', '23.0', '24.0', '25.0', '26.0', '27.0', '28.0', '29.0', '30', '2014-02-22 23:21:51', '2014-03-10 23:30:00'),
(1091, '2014-02-01', '10:00:00', 16, 1, '63.0', '58.0', 'lab', '150', 301, 0, '45', '60.0', '50.0', '1.3', '1.4', '57.0', '51', '35', '0.0', '1', 1, '1', '1', '1', '1.0', '1.0', '1.0', '1.0', '1.0', '1.0', '1.0', '1.0', '1.0', '1.0', '1', '2014-02-22 23:21:52', '2014-03-10 23:30:05'),
(1092, '2014-02-01', '10:30:00', 16, 1, '62.0', '57.0', 'lab', '150', 310, 0, '45', '59.0', '50.0', '1.4', '1.4', '58.0', '60', '45', '0.0', '0', 0, '0', '10', '0', '10.0', '0.0', '0.0', '0.0', '0.0', '0.0', '0.0', '0.0', '40.0', '30.0', '30', '2014-02-22 23:21:52', '2014-03-10 23:30:14'),
(1093, '2014-02-01', '11:00:00', 16, 1, '60.0', '55.0', 'lab', '150', 390, 0, '45', '57.0', '50.0', '1.2', '1.4', '59.0', '75', '45', '0.0', '0', 0, '0', '0', '0', '0.0', '0.0', '0.0', '0.0', '0.0', '0.0', '0.0', '0.0', '0.0', '0.0', '0', '2014-02-22 23:21:52', '2014-03-10 23:30:29'),
(1094, '2014-02-01', '11:30:00', 16, 1, '57.0', '52.0', 'lab', '150', 400, 0, '45', '54.0', '50.0', '1.2', '1.4', '62.0', '60', '45', '0.0', '0', 0, '0', '0', '0', '0.0', '0.0', '0.0', '0.0', '0.0', '0.0', '0.0', '0.0', '0.0', '0.0', '0', '2014-02-22 23:21:52', '2014-03-10 23:30:44'),
(1095, '2014-02-01', '12:00:00', 16, 1, '59.0', '54.0', 'lab', '150', 390, 0, '45', '56.0', '50.0', '1.2', '1.4', '65.0', '65', '35', '0.0', '0', 0, '0', '0', '0', '0.0', '0.0', '0.0', '0.0', '0.0', '0.0', '0.0', '0.0', '0.0', '0.0', '0', '2014-02-22 23:21:52', '2014-03-10 23:30:49'),
(1096, '2014-02-01', '12:30:00', 16, 1, '61.0', '56.0', 'lab', '150', 0, 0, '45', '58.0', '50.0', '1.1', '1.4', '65.0', '65', '45', '0.0', '0', 0, '0', '0', '0', '0.0', '0.0', '0.0', '0.0', '0.0', '0.0', '0.0', '0.0', '0.0', '0.0', '0', '2014-02-22 23:21:52', '2014-02-23 05:04:22'),
(1097, '2014-02-01', '13:00:00', 16, 1, '62.0', '57.0', 'lab', '150', 0, 0, '45', '59.0', '50.0', '1.2', '1.4', '66.0', '65', '35', '0.0', '0', 0, '0', '0', '0', '0.0', '0.0', '0.0', '0.0', '0.0', '0.0', '0.0', '0.0', '0.0', '0.0', '0', '2014-02-22 23:21:52', '2014-02-23 05:04:22'),
(1098, '2014-02-01', '13:30:00', 16, 1, '63.0', '58.0', 'lab', '150', 0, 0, '45', '60.0', '50.0', '1.3', '1.4', '65.0', '65', '35', '1.0', '1', 1, '1', '1', '1', '1.0', '1.0', '1.0', '1.0', '1.0', '1.0', '1.0', '1.0', '1.0', '1.0', '1', '2014-02-22 23:21:52', '2014-02-23 05:04:22'),
(1099, '2014-02-01', '14:00:00', 16, 1, '62.0', '57.0', 'lab', '150', 0, 0, '45', '59.0', '50.0', '1.4', '1.4', '65.0', '60', '45', '14.0', '15', 16, '17', '18', '19', '20.0', '21.0', '22.0', '23.0', '24.0', '25.0', '26.0', '27.0', '28.0', '29.0', '30', '2014-02-22 23:21:52', '2014-02-23 05:04:22'),
(1100, '2014-02-01', '14:30:00', 16, 1, '59.0', '54.0', 'lab', '150', 0, 0, '45', '56.0', '50.0', '1.2', '1.4', '63.0', '57', '55', '1.0', '1', 1, '1', '1', '1', '1.0', '1.0', '1.0', '1.0', '1.0', '1.0', '1.0', '1.0', '1.0', '1.0', '1', '2014-02-22 23:21:52', '2014-02-23 05:04:22'),
(1101, '2014-02-01', '15:00:00', 16, 1, '58.0', '53.0', 'lab', '150', 0, 0, '45', '55.0', '50.0', '1.2', '1.4', '62.0', '54', '55', '0.0', '0', 0, '0', '10', '0', '10.0', '0.0', '0.0', '0.0', '0.0', '0.0', '0.0', '0.0', '40.0', '30.0', '30', '2014-02-22 23:21:52', '2014-02-23 05:04:22'),
(1102, '2014-02-01', '15:30:00', 16, 1, '60.0', '55.0', 'lab', '150', 0, 0, '45', '57.0', '50.0', '1.2', '1.4', '60.0', '51', '45', '0.0', '0', 0, '0', '0', '0', '0.0', '0.0', '0.0', '0.0', '0.0', '0.0', '0.0', '0.0', '0.0', '0.0', '0', '2014-02-22 23:21:52', '2014-02-23 05:04:22'),
(1103, '2014-02-01', '16:00:00', 16, 1, '61.0', '56.0', 'lab', '150', 0, 0, '45', '58.0', '50.0', '1.1', '1.4', '56.0', '60', '45', '0.0', '0', 0, '0', '0', '0', '0.0', '0.0', '0.0', '0.0', '0.0', '0.0', '0.0', '0.0', '0.0', '0.0', '0', '2014-02-22 23:21:52', '2014-02-23 05:04:22'),
(1104, '2014-02-01', '16:30:00', 16, 1, '62.0', '57.0', 'lab', '150', 0, 0, '45', '59.0', '50.0', '1.2', '1.4', '55.0', '65', '35', '0.0', '0', 0, '0', '0', '0', '0.0', '0.0', '0.0', '0.0', '0.0', '0.0', '0.0', '0.0', '0.0', '0.0', '0', '2014-02-22 23:21:52', '2014-02-23 05:04:22'),
(1105, '2014-02-01', '17:00:00', 16, 1, '64.0', '59.0', 'lab', '150', 0, 0, '45', '61.0', '50.0', '1.3', '1.4', '57.0', '75', '35', '0.0', '0', 0, '0', '0', '0', '0.0', '0.0', '0.0', '0.0', '0.0', '0.0', '0.0', '0.0', '0.0', '0.0', '0', '2014-02-22 23:21:52', '2014-02-23 05:04:22');
INSERT INTO `buildingregisters` (`id`, `datereading`, `timereading`, `dataset_id`, `a01OM`, `a02OAT`, `a03ZT`, `a04ZONE`, `a05ConskWH`, `a06kWdemand`, `a07kWusage`, `b01ZRVS`, `b02DAT`, `b03DATSP`, `b04DSP`, `b05DSPSP`, `b06MAT`, `b07OADPS`, `b08OAF`, `b09RAT`, `b10SFSpd`, `b11SFS`, `b12VAVDPSP`, `b13ZDPS`, `c01HCVS`, `c02HWLDP`, `c03HWLDPSP`, `c04HWRT`, `c05HWST`, `c06HWSTSP`, `d01ChWLDP`, `d02ChWLDSP`, `d03ChWRT`, `d04ChWST`, `d05ChWSTSP`, `d06CCV`, `created_at`, `updated_at`) VALUES
(1106, '2014-02-01', '17:30:00', 16, 1, '64.0', '59.0', 'lab', '150', 0, 0, '45', '61.0', '50.0', '1.4', '1.4', '58.0', '60', '45', '0.0', '0', 0, '0', '0', '0', '0.0', '0.0', '0.0', '0.0', '0.0', '0.0', '0.0', '0.0', '0.0', '0.0', '0', '2014-02-22 23:21:52', '2014-02-23 05:04:22'),
(1107, '2014-02-01', '18:00:00', 16, 0, '62.0', '57.0', 'lab', '150', 0, 0, '45', '59.0', '50.0', '1.2', '1.4', '59.0', '75', '35', '1.0', '1', 1, '1', '1', '1', '1.0', '1.0', '1.0', '1.0', '1.0', '1.0', '1.0', '1.0', '1.0', '1.0', '1', '2014-02-22 23:21:52', '2014-02-23 05:04:22'),
(1108, '2014-02-01', '18:30:00', 16, 0, '62.0', '57.0', 'lab', '150', 0, 0, '45', '59.0', '50.0', '1.2', '1.4', '61.0', '60', '25', '14.0', '15', 16, '17', '18', '19', '20.0', '21.0', '22.0', '23.0', '24.0', '25.0', '26.0', '27.0', '28.0', '29.0', '30', '2014-02-22 23:21:52', '2014-02-23 05:04:22'),
(1109, '2014-02-01', '19:00:00', 16, 0, '61.0', '56.0', 'lab', '150', 0, 0, '45', '58.0', '50.0', '1.3', '1.4', '61.0', '60', '35', '1.0', '1', 1, '1', '1', '1', '1.0', '1.0', '1.0', '1.0', '1.0', '1.0', '1.0', '1.0', '1.0', '1.0', '1', '2014-02-22 23:21:52', '2014-02-23 05:04:22'),
(1110, '2014-02-01', '19:30:00', 16, 0, '60.0', '55.0', 'lab', '150', 0, 0, '45', '57.0', '50.0', '1.4', '1.4', '59.0', '57', '45', '0.0', '0', 0, '0', '10', '0', '10.0', '0.0', '0.0', '0.0', '0.0', '0.0', '0.0', '0.0', '40.0', '30.0', '30', '2014-02-22 23:21:52', '2014-02-23 05:04:22'),
(1111, '2014-02-01', '20:00:00', 16, 0, '61.0', '56.0', 'lab', '150', 0, 0, '45', '58.0', '50.0', '1.3', '1.4', '59.0', '54', '35', '0.0', '0', 0, '0', '0', '0', '0.0', '0.0', '0.0', '0.0', '0.0', '0.0', '0.0', '0.0', '0.0', '0.0', '0', '2014-02-22 23:21:52', '2014-02-23 05:04:22'),
(1112, '2014-02-01', '20:30:00', 16, 0, '62.0', '57.0', 'lab', '150', 0, 0, '45', '59.0', '50.0', '1.2', '1.4', '58.0', '51', '25', '0.0', '0', 0, '0', '0', '0', '0.0', '0.0', '0.0', '0.0', '0.0', '0.0', '0.0', '0.0', '0.0', '0.0', '0', '2014-02-22 23:21:52', '2014-02-23 05:04:22'),
(1113, '2014-02-01', '21:00:00', 16, 0, '63.0', '58.0', 'lab', '150', 0, 0, '45', '60.0', '50.0', '1.1', '1.4', '57.0', '60', '35', '0.0', '0', 0, '0', '0', '0', '0.0', '0.0', '0.0', '0.0', '0.0', '0.0', '0.0', '0.0', '0.0', '0.0', '0', '2014-02-22 23:21:53', '2014-02-23 05:04:22'),
(1114, '2014-02-01', '21:30:00', 16, 0, '61.0', '56.0', 'lab', '150', 0, 0, '45', '58.0', '50.0', '1.2', '1.4', '60.0', '75', '25', '0.0', '0', 0, '0', '0', '0', '0.0', '0.0', '0.0', '0.0', '0.0', '0.0', '0.0', '0.0', '0.0', '0.0', '0', '2014-02-22 23:21:53', '2014-02-23 05:04:22'),
(1115, '2014-02-01', '22:00:00', 16, 0, '60.0', '55.0', 'lab', '150', 0, 0, '45', '57.0', '50.0', '1.3', '1.4', '59.0', '60', '35', '0.0', '0', 0, '0', '0', '0', '0.0', '0.0', '0.0', '0.0', '0.0', '0.0', '0.0', '0.0', '0.0', '0.0', '0', '2014-02-22 23:21:53', '2014-02-23 05:04:22'),
(1116, '2014-02-01', '22:30:00', 16, 0, '59.0', '54.0', 'lab', '150', 0, 0, '45', '56.0', '50.0', '1.4', '1.4', '60.0', '65', '45', '1.0', '1', 1, '1', '1', '1', '1.0', '1.0', '1.0', '1.0', '1.0', '1.0', '1.0', '1.0', '1.0', '1.0', '1', '2014-02-22 23:21:53', '2014-02-23 05:04:22'),
(1117, '2014-02-01', '23:00:00', 16, 0, '60.0', '55.0', 'lab', '150', 0, 0, '45', '57.0', '50.0', '1.2', '1.4', '58.0', '65', '55', '14.0', '15', 16, '17', '18', '19', '20.0', '21.0', '22.0', '23.0', '24.0', '25.0', '26.0', '27.0', '28.0', '29.0', '30', '2014-02-22 23:21:53', '2014-02-23 05:04:22'),
(1118, '2014-02-01', '23:30:00', 16, 0, '58.0', '53.0', 'lab', '150', 0, 0, '45', '55.0', '50.0', '1.2', '1.4', '60.0', '65', '45', '1.0', '1', 1, '1', '1', '1', '1.0', '1.0', '1.0', '1.0', '1.0', '1.0', '1.0', '1.0', '1.0', '1.0', '1', '2014-02-22 23:21:53', '2014-02-23 05:04:23'),
(1119, '2014-02-02', '00:00:00', 16, 0, '57.0', '52.0', 'lab', '150', 0, 0, '45', '54.0', '50.0', '1.3', '1.4', '61.0', '65', '55', '0.0', '0', 0, '0', '10', '0', '10.0', '0.0', '0.0', '0.0', '0.0', '0.0', '0.0', '0.0', '40.0', '30.0', '30', '2014-02-22 23:21:53', '2014-02-23 05:04:23'),
(1120, '2014-02-02', '00:30:00', 16, 0, '56.0', '51.0', 'lab', '150', 0, 0, '45', '53.0', '50.0', '1.4', '1.4', '62.0', '60', '45', '0.0', '0', 0, '0', '0', '0', '0.0', '0.0', '0.0', '0.0', '0.0', '0.0', '0.0', '0.0', '0.0', '0.0', '0', '2014-02-22 23:21:53', '2014-02-23 05:04:23'),
(1121, '2014-02-02', '01:00:00', 16, 0, '55.0', '50.0', 'lab', '150', 0, 0, '45', '52.0', '50.0', '1.3', '1.4', '64.0', '57', '35', '0.0', '0', 0, '0', '0', '0', '0.0', '0.0', '0.0', '0.0', '0.0', '0.0', '0.0', '0.0', '0.0', '0.0', '0', '2014-02-22 23:21:53', '2014-02-23 05:04:23'),
(1122, '2014-02-02', '01:30:00', 16, 0, '54.0', '49.0', 'lab', '150', 0, 0, '45', '51.0', '50.0', '1.2', '1.4', '64.0', '54', '45', '0.0', '0', 0, '0', '0', '0', '0.0', '0.0', '0.0', '0.0', '0.0', '0.0', '0.0', '0.0', '0.0', '0.0', '0', '2014-02-22 23:21:53', '2014-02-23 05:04:23'),
(1123, '2014-02-02', '02:00:00', 16, 0, '57.0', '52.0', 'lab', '150', 0, 0, '45', '54.0', '50.0', '1.1', '1.4', '59.0', '51', '35', '0.0', '0', 0, '0', '0', '0', '0.0', '0.0', '0.0', '0.0', '0.0', '0.0', '0.0', '0.0', '0.0', '0.0', '0', '2014-02-22 23:21:53', '2014-02-23 05:04:23'),
(1124, '2014-02-02', '02:30:00', 16, 0, '59.0', '54.0', 'lab', '150', 0, 0, '45', '56.0', '50.0', '1.2', '1.4', '60.0', '60', '35', '0.0', '0', 0, '0', '0', '0', '0.0', '0.0', '0.0', '0.0', '0.0', '0.0', '0.0', '0.0', '0.0', '0.0', '0', '2014-02-22 23:21:53', '2014-02-23 05:04:23'),
(1125, '2014-02-02', '03:00:00', 16, 0, '60.0', '55.0', 'lab', '150', 0, 0, '45', '57.0', '50.0', '1.3', '1.4', '60.0', '65', '25', '1.0', '1', 1, '1', '1', '1', '1.0', '1.0', '1.0', '1.0', '1.0', '1.0', '1.0', '1.0', '1.0', '1.0', '1', '2014-02-22 23:21:53', '2014-02-23 05:04:23'),
(1126, '2014-02-02', '03:30:00', 16, 0, '59.0', '54.0', 'lab', '150', 0, 0, '45', '56.0', '50.0', '1.4', '1.4', '58.0', '75', '35', '14.0', '15', 16, '17', '18', '19', '20.0', '21.0', '22.0', '23.0', '24.0', '25.0', '26.0', '27.0', '28.0', '29.0', '30', '2014-02-22 23:21:53', '2014-02-23 05:04:23'),
(1127, '2014-02-02', '04:00:00', 16, 0, '60.0', '55.0', 'lab', '150', 0, 0, '45', '57.0', '50.0', '1.2', '1.4', '57.0', '60', '45', '1.0', '1', 1, '1', '1', '1', '1.0', '1.0', '1.0', '1.0', '1.0', '1.0', '1.0', '1.0', '1.0', '1.0', '1', '2014-02-22 23:21:53', '2014-02-23 05:04:23'),
(1128, '2014-02-02', '04:30:00', 16, 0, '58.0', '53.0', 'lab', '150', 0, 0, '45', '55.0', '50.0', '1.2', '1.4', '56.0', '75', '35', '0.0', '0', 0, '0', '10', '0', '10.0', '0.0', '0.0', '0.0', '0.0', '0.0', '0.0', '0.0', '40.0', '30.0', '30', '2014-02-22 23:21:53', '2014-02-23 05:04:23'),
(1129, '2014-02-02', '05:00:00', 16, 0, '60.0', '55.0', 'lab', '150', 0, 0, '45', '57.0', '50.0', '1.3', '1.4', '57.0', '60', '35', '0.0', '0', 0, '0', '0', '0', '0.0', '0.0', '0.0', '0.0', '0.0', '0.0', '0.0', '0.0', '0.0', '0.0', '0', '2014-02-22 23:21:53', '2014-02-23 05:04:23'),
(1130, '2014-02-02', '05:30:00', 16, 0, '61.0', '56.0', 'lab', '150', 0, 0, '45', '58.0', '50.0', '1.4', '1.4', '55.0', '60', '25', '0.0', '0', 0, '0', '0', '0', '0.0', '0.0', '0.0', '0.0', '0.0', '0.0', '0.0', '0.0', '0.0', '0.0', '0', '2014-02-22 23:21:53', '2014-02-23 05:04:23'),
(1131, '2014-02-02', '06:00:00', 16, 0, '62.0', '57.0', 'lab', '150', 0, 0, '45', '59.0', '50.0', '1.3', '1.4', '54.0', '57', '35', '0.0', '0', 0, '0', '0', '0', '0.0', '0.0', '0.0', '0.0', '0.0', '0.0', '0.0', '0.0', '0.0', '0.0', '0', '2014-02-22 23:21:53', '2014-02-23 05:04:23'),
(1132, '2014-02-02', '06:30:00', 16, 0, '64.0', '59.0', 'lab', '150', 0, 0, '45', '61.0', '50.0', '1.2', '1.4', '53.0', '54', '45', '0.0', '0', 0, '0', '0', '0', '0.0', '0.0', '0.0', '0.0', '0.0', '0.0', '0.0', '0.0', '0.0', '0.0', '0', '2014-02-22 23:21:54', '2014-02-23 05:04:23'),
(1133, '2014-02-02', '07:00:00', 16, 0, '64.0', '59.0', 'lab', '150', 0, 0, '45', '61.0', '50.0', '1.1', '1.4', '52.0', '51', '45', '0.0', '0', 0, '0', '0', '0', '0.0', '0.0', '0.0', '0.0', '0.0', '0.0', '0.0', '0.0', '0.0', '0.0', '0', '2014-02-22 23:21:54', '2014-02-23 05:04:23'),
(1134, '2014-02-02', '07:30:00', 16, 0, '59.0', '54.0', 'lab', '150', 0, 0, '45', '56.0', '50.0', '1.2', '1.4', '51.0', '60', '35', '1.0', '1', 1, '1', '1', '1', '1.0', '1.0', '1.0', '1.0', '1.0', '1.0', '1.0', '1.0', '1.0', '1.0', '1', '2014-02-22 23:21:54', '2014-02-23 05:04:23'),
(1135, '2014-02-02', '08:00:00', 16, 1, '60.0', '55.0', 'lab', '150', 0, 0, '45', '57.0', '50.0', '1.3', '1.4', '54.0', '75', '35', '14.0', '15', 16, '17', '18', '19', '20.0', '21.0', '22.0', '23.0', '24.0', '25.0', '26.0', '27.0', '28.0', '29.0', '30', '2014-02-22 23:21:54', '2014-02-23 05:04:23'),
(1136, '2014-02-02', '08:30:00', 16, 1, '58.0', '53.0', 'lab', '150', 0, 0, '45', '55.0', '50.0', '1.4', '1.4', '56.0', '60', '45', '1.0', '1', 1, '1', '1', '1', '1.0', '1.0', '1.0', '1.0', '1.0', '1.0', '1.0', '1.0', '1.0', '1.0', '1', '2014-02-22 23:21:54', '2014-02-23 05:04:23'),
(1137, '2014-02-02', '09:00:00', 16, 1, '60.0', '55.0', 'lab', '150', 0, 0, '45', '57.0', '50.0', '1.2', '1.4', '57.0', '65', '35', '0.0', '0', 0, '0', '10', '0', '10.0', '0.0', '0.0', '0.0', '0.0', '0.0', '0.0', '0.0', '40.0', '30.0', '30', '2014-02-22 23:21:54', '2014-02-23 05:04:23'),
(1138, '2014-02-02', '09:30:00', 16, 1, '61.0', '56.0', 'lab', '150', 0, 0, '45', '58.0', '50.0', '1.2', '1.4', '56.0', '65', '35', '0.0', '0', 0, '0', '0', '0', '0.0', '0.0', '0.0', '0.0', '0.0', '0.0', '0.0', '0.0', '0.0', '0.0', '0', '2014-02-22 23:21:54', '2014-02-23 05:04:23'),
(1139, '2014-02-02', '10:00:00', 16, 1, '62.0', '57.0', 'lab', '150', 0, 0, '45', '59.0', '50.0', '1.3', '1.4', '57.0', '65', '45', '0.0', '0', 0, '0', '0', '0', '0.0', '0.0', '0.0', '0.0', '0.0', '0.0', '0.0', '0.0', '0.0', '0.0', '0', '2014-02-22 23:21:54', '2014-02-23 05:04:23'),
(1140, '2014-02-02', '10:30:00', 16, 1, '59.0', '54.0', 'lab', '150', 0, 0, '45', '56.0', '50.0', '1.4', '1.4', '55.0', '65', '35', '0.0', '0', 0, '0', '0', '0', '0.0', '0.0', '0.0', '0.0', '0.0', '0.0', '0.0', '0.0', '0.0', '0.0', '0', '2014-02-22 23:21:54', '2014-02-23 05:04:23'),
(1141, '2014-02-02', '11:00:00', 16, 1, '62.0', '57.0', 'lab', '150', 0, 0, '45', '59.0', '50.0', '1.3', '1.4', '57.0', '60', '25', '0.0', '0', 0, '0', '0', '0', '0.0', '0.0', '0.0', '0.0', '0.0', '0.0', '0.0', '0.0', '0.0', '0.0', '0', '2014-02-22 23:21:54', '2014-02-23 05:04:23'),
(1142, '2014-02-02', '11:30:00', 16, 1, '65.0', '60.0', 'lab', '150', 0, 0, '45', '62.0', '50.0', '1.2', '1.4', '58.0', '57', '35', '0.0', '0', 0, '0', '0', '0', '0.0', '0.0', '0.0', '0.0', '0.0', '0.0', '0.0', '0.0', '0.0', '0.0', '0', '2014-02-22 23:21:54', '2014-02-23 05:04:23'),
(1143, '2014-02-02', '12:00:00', 16, 1, '65.0', '60.0', 'lab', '150', 0, 0, '45', '62.0', '50.0', '1.1', '1.4', '59.0', '54', '25', '1.0', '1', 1, '1', '1', '1', '1.0', '1.0', '1.0', '1.0', '1.0', '1.0', '1.0', '1.0', '1.0', '1.0', '1', '2014-02-22 23:21:54', '2014-02-23 05:04:24'),
(1144, '2014-02-02', '12:30:00', 16, 1, '62.0', '57.0', 'lab', '150', 0, 0, '45', '59.0', '50.0', '1.2', '1.4', '56.0', '51', '25', '14.0', '15', 16, '17', '18', '19', '20.0', '21.0', '22.0', '23.0', '24.0', '25.0', '26.0', '27.0', '28.0', '29.0', '30', '2014-02-22 23:21:54', '2014-02-23 05:04:24'),
(1145, '2014-02-02', '13:00:00', 16, 1, '60.0', '55.0', 'lab', '150', 0, 0, '45', '57.0', '50.0', '1.3', '1.4', '57.0', '60', '35', '1.0', '1', 1, '1', '1', '1', '1.0', '1.0', '1.0', '1.0', '1.0', '1.0', '1.0', '1.0', '1.0', '1.0', '1', '2014-02-22 23:21:54', '2014-02-23 05:04:24'),
(1146, '2014-02-02', '13:30:00', 16, 1, '57.0', '52.0', 'lab', '150', 0, 0, '45', '54.0', '50.0', '1.4', '1.4', '54.0', '65', '25', '0.0', '0', 0, '0', '10', '0', '10.0', '0.0', '0.0', '0.0', '0.0', '0.0', '0.0', '0.0', '40.0', '30.0', '30', '2014-02-22 23:21:54', '2014-02-23 05:04:24'),
(1147, '2014-02-02', '14:00:00', 16, 1, '59.0', '54.0', 'lab', '150', 0, 0, '45', '56.0', '50.0', '1.2', '1.4', '57.0', '65', '15', '0.0', '0', 0, '0', '0', '0', '0.0', '0.0', '0.0', '0.0', '0.0', '0.0', '0.0', '0.0', '0.0', '0.0', '0', '2014-02-22 23:21:54', '2014-02-23 05:04:24'),
(1148, '2014-02-02', '14:30:00', 16, 1, '61.0', '56.0', 'lab', '150', 0, 0, '45', '58.0', '50.0', '1.2', '1.4', '60.0', '65', '25', '0.0', '0', 0, '0', '0', '0', '0.0', '0.0', '0.0', '0.0', '0.0', '0.0', '0.0', '0.0', '0.0', '0.0', '0', '2014-02-22 23:21:54', '2014-02-23 05:04:24'),
(1149, '2014-02-02', '15:00:00', 16, 1, '62.0', '57.0', 'lab', '150', 0, 0, '45', '59.0', '50.0', '1.3', '1.4', '60.0', '60', '35', '0.0', '0', 0, '0', '0', '0', '0.0', '0.0', '0.0', '0.0', '0.0', '0.0', '0.0', '0.0', '0.0', '0.0', '0', '2014-02-22 23:21:54', '2014-02-23 05:04:24'),
(1150, '2014-02-02', '15:30:00', 16, 1, '63.0', '58.0', 'lab', '150', 0, 0, '45', '60.0', '50.0', '1.4', '1.4', '57.0', '57', '35', '0.0', '0', 0, '0', '0', '0', '0.0', '0.0', '0.0', '0.0', '0.0', '0.0', '0.0', '0.0', '0.0', '0.0', '0', '2014-02-22 23:21:54', '2014-02-23 05:04:24'),
(1151, '2014-02-02', '16:00:00', 16, 1, '62.0', '57.0', 'lab', '150', 0, 0, '45', '59.0', '50.0', '1.3', '1.4', '55.0', '54', '25', '0.0', '0', 0, '0', '0', '0', '0.0', '0.0', '0.0', '0.0', '0.0', '0.0', '0.0', '0.0', '0.0', '0.0', '0', '2014-02-22 23:21:54', '2014-02-23 05:04:24'),
(1152, '2014-02-02', '16:30:00', 16, 1, '59.0', '54.0', 'lab', '150', 0, 0, '45', '56.0', '50.0', '1.2', '1.4', '52.0', '51', '35', '1.0', '1', 1, '1', '1', '1', '1.0', '1.0', '1.0', '1.0', '1.0', '1.0', '1.0', '1.0', '1.0', '1.0', '1', '2014-02-22 23:21:54', '2014-02-23 05:04:24'),
(1153, '2014-02-02', '17:00:00', 16, 1, '58.0', '53.0', 'lab', '150', 0, 0, '45', '55.0', '50.0', '1.2', '1.4', '56.0', '60', '35', '14.0', '15', 16, '17', '18', '19', '20.0', '21.0', '22.0', '23.0', '24.0', '25.0', '26.0', '27.0', '28.0', '29.0', '30', '2014-02-22 23:21:55', '2014-02-23 05:04:24'),
(1154, '2014-02-02', '17:30:00', 16, 1, '60.0', '55.0', 'lab', '150', 0, 0, '45', '57.0', '50.0', '1.2', '1.4', '57.0', '40', '45', '1.0', '1', 1, '1', '1', '1', '1.0', '1.0', '1.0', '1.0', '1.0', '1.0', '1.0', '1.0', '1.0', '1.0', '1', '2014-02-22 23:21:55', '2014-02-23 05:04:24'),
(1155, '2014-02-02', '18:00:00', 16, 1, '61.0', '56.0', 'lab', '150', 0, 0, '45', '58.0', '50.0', '1.3', '1.4', '54.0', '45', '45', '99.0', '0', 0, '0', '10', '0', '10.0', '0.0', '0.0', '0.0', '0.0', '0.0', '0.0', '0.0', '40.0', '30.0', '99', '2014-02-22 23:21:55', '2014-02-23 05:04:24'),
(1156, '2014-02-02', '18:30:00', 16, 1, '62.0', '57.0', 'lab', '150', 0, 0, '45', '59.0', '50.0', '1.4', '1.4', '57.0', '45', '55', '99.0', '0', 0, '0', '10', '0', '10.0', '0.0', '0.0', '0.0', '0.0', '0.0', '0.0', '0.0', '40.0', '30.0', '99', '2014-02-22 23:21:55', '2014-02-23 05:04:24');

-- --------------------------------------------------------

--
-- Estructura de tabla para la tabla `chapters`
--

CREATE TABLE IF NOT EXISTS `chapters` (
  `id` int(10) unsigned NOT NULL AUTO_INCREMENT,
  `chaptcode` varchar(255) COLLATE utf8_unicode_ci NOT NULL,
  `chaptdescrip` varchar(255) COLLATE utf8_unicode_ci NOT NULL,
  `created_at` timestamp NOT NULL DEFAULT '0000-00-00 00:00:00',
  `updated_at` timestamp NOT NULL DEFAULT '0000-00-00 00:00:00',
  PRIMARY KEY (`id`)
) ENGINE=InnoDB  DEFAULT CHARSET=utf8 COLLATE=utf8_unicode_ci AUTO_INCREMENT=10 ;

--
-- Volcado de datos para la tabla `chapters`
--

INSERT INTO `chapters` (`id`, `chaptcode`, `chaptdescrip`, `created_at`, `updated_at`) VALUES
(1, 'zh_cc', 'Zone Heating & Cooling Control', '0000-00-00 00:00:00', '0000-00-00 00:00:00'),
(2, 'as_cc', 'Air Side Economizer Option', '0000-00-00 00:00:00', '0000-00-00 00:00:00'),
(3, 'ahuh_cc', 'AHU Heating & Cooling Control', '0000-00-00 00:00:00', '0000-00-00 00:00:00'),
(4, 'cup_cc', 'Central Utility Plant Cooling Control', '0000-00-00 00:00:00', '0000-00-00 00:00:00'),
(5, 'cup_cc', 'Central Utility Plant Heating Control', '0000-00-00 00:00:00', '0000-00-00 00:00:00'),
(6, 'ahumo_cc', 'AHU Minimum Outdoor-Air Operation', '0000-00-00 00:00:00', '0000-00-00 00:00:00'),
(7, 'ahus_cc', 'AHU Static Pressure Control', '0000-00-00 00:00:00', '0000-00-00 00:00:00'),
(8, 'ahuda_cc', 'AHU Discharge-Air Temperature Control', '0000-00-00 00:00:00', '0000-00-00 00:00:00'),
(9, '_cc', 'Occupancy Scheduling & KW consumption', '0000-00-00 00:00:00', '0000-00-00 00:00:00');

-- --------------------------------------------------------

--
-- Estructura de tabla para la tabla `charts`
--

CREATE TABLE IF NOT EXISTS `charts` (
  `id` int(10) unsigned NOT NULL AUTO_INCREMENT,
  `chartcode` varchar(255) COLLATE utf8_unicode_ci NOT NULL,
  `chartname` varchar(255) COLLATE utf8_unicode_ci NOT NULL,
  `chapter_id` int(11) NOT NULL,
  `created_at` timestamp NOT NULL DEFAULT '0000-00-00 00:00:00',
  `updated_at` timestamp NOT NULL DEFAULT '0000-00-00 00:00:00',
  PRIMARY KEY (`id`)
) ENGINE=InnoDB  DEFAULT CHARSET=utf8 COLLATE=utf8_unicode_ci AUTO_INCREMENT=30 ;

--
-- Volcado de datos para la tabla `charts`
--

INSERT INTO `charts` (`id`, `chartcode`, `chartname`, `chapter_id`, `created_at`, `updated_at`) VALUES
(1, 'occup', 'Occupancy, Reheat Valve Signal, Zone Temperature', 1, '0000-00-00 00:00:00', '0000-00-00 00:00:00'),
(2, 'outdo1', 'Outdoor-Air Temperature, Reheat Valve Signal, Zone Temperature', 1, '0000-00-00 00:00:00', '0000-00-00 00:00:00'),
(3, 'mixed', 'Mixed-Air Temperature, Outdoor-Air Damper Position Signal, Outdoor-Air Fraction, Outdoor-Air Temperature, Return-Air Temperature', 2, '0000-00-00 00:00:00', '0000-00-00 00:00:00'),
(4, 'outdo2', 'Outdoor-Air Damper Position Signal, Outdoor-Air Fraction, Outdoor-Air Temperature', 2, '0000-00-00 00:00:00', '0000-00-00 00:00:00'),
(5, 'outdo3', 'Outdoor-Air Damper Position Signal, Outdoor-Air Temperature, Return-Air Temperature', 2, '0000-00-00 00:00:00', '0000-00-00 00:00:00'),
(6, 'outdo4', 'Outdoor-Air Damper Position Signal, Outdoor-Air Temperature', 2, '0000-00-00 00:00:00', '0000-00-00 00:00:00'),
(7, 'cool1', 'Cooling-Coil Valve Signal, Discharge-Air Temperature Set Point, Outdoor-Air Damper Position, Outdoor-Air Temperature', 2, '0000-00-00 00:00:00', '0000-00-00 00:00:00'),
(8, 'cool2', 'Cooling-Coil Valve Signal, Outdoor-Air Damper Position Signal, Outdoor-Air Temperature', 2, '0000-00-00 00:00:00', '0000-00-00 00:00:00'),
(9, 'cool3', 'Cooling-Coil Valve Signal, Outdoor-Air Damper Position Signal', 2, '0000-00-00 00:00:00', '0000-00-00 00:00:00'),
(10, 'disc1', 'Discharge-Air Temperature, Mixed-Air Temperature, Outdoor-Air Temperature, Return-Air Temperature', 2, '0000-00-00 00:00:00', '0000-00-00 00:00:00'),
(11, 'cool4', 'Cooling-Coil Valve Signal, Heating-Coil Valve Signal, Outdoor-Air Temperature', 3, '0000-00-00 00:00:00', '0000-00-00 00:00:00'),
(12, 'chill1', 'Chilled-Water Supply Temperature, Outside-Air Temperature', 4, '0000-00-00 00:00:00', '0000-00-00 00:00:00'),
(13, 'chill2', 'Chilled-Water Supply Temperature, Cooling-Coil Valve Signal, Outside-Air Temperature', 4, '0000-00-00 00:00:00', '0000-00-00 00:00:00'),
(14, 'chill3', 'Chilled-Water Return Temperature, Chilled-Water Supply Temperature, Outside-Air Temperature', 4, '0000-00-00 00:00:00', '0000-00-00 00:00:00'),
(15, 'chill4', 'Chilled-Water Loop Differential Pressure, Cooling-Coil Valve Signal', 4, '0000-00-00 00:00:00', '0000-00-00 00:00:00'),
(16, 'hot-1', 'Hot-Water Supply Temp, Outdoor-Air Temperature', 5, '0000-00-00 00:00:00', '0000-00-00 00:00:00'),
(17, 'hot-2', 'Hot-Water Return Temp, Hot-Water Supply Temp, Outdoor-Air Temperature', 5, '0000-00-00 00:00:00', '0000-00-00 00:00:00'),
(18, 'hot-3', 'Hot-Water Loop Differential Pressure, Heating-Coil Valve Signal', 5, '0000-00-00 00:00:00', '0000-00-00 00:00:00'),
(19, 'outdo5', 'Outdoor-Air Damper Position Signal, Outdoor-Air Fraction, Outdoor-Air Temperature, Occupancy Mode', 6, '0000-00-00 00:00:00', '0000-00-00 00:00:00'),
(20, 'outdo6', 'Outdoor-Air Damper Position Signal, Outdoor-Air Temperature, Occupancy Mode', 6, '0000-00-00 00:00:00', '0000-00-00 00:00:00'),
(21, 'duct1', 'Duct Static Pressure, Duct Static Pressure Set Point', 7, '0000-00-00 00:00:00', '0000-00-00 00:00:00'),
(22, 'duct2', 'Duct Static Pressure', 7, '0000-00-00 00:00:00', '0000-00-00 00:00:00'),
(23, 'vavd', 'VAV Damper Position Set Point (by Damper)', 7, '0000-00-00 00:00:00', '0000-00-00 00:00:00'),
(24, 'disc2', 'Discharge-Air Temperature, Discharge-Air Temperature Set Point', 8, '0000-00-00 00:00:00', '0000-00-00 00:00:00'),
(25, 'disc3', 'Discharge-Air Temperature, Discharge-Air Temperature Set Point, Outdoor-Air Temperature', 8, '0000-00-00 00:00:00', '0000-00-00 00:00:00'),
(26, 'zone', 'Zone Reheat Valve Signal (by Zone)', 8, '0000-00-00 00:00:00', '0000-00-00 00:00:00'),
(27, 'duct', 'Duct Static Pressure this is an exact duplicate of the same chart in chapter 7 above ', 9, '0000-00-00 00:00:00', '0000-00-00 00:00:00'),
(28, 'suppl', 'Supply Fan Status', 9, '0000-00-00 00:00:00', '0000-00-00 00:00:00'),
(29, 'Kws', 'KWs consumption', 9, '2014-03-10 05:00:00', '2014-03-10 05:00:00');

-- --------------------------------------------------------

--
-- Estructura de tabla para la tabla `dampers`
--

CREATE TABLE IF NOT EXISTS `dampers` (
  `id` int(10) unsigned NOT NULL AUTO_INCREMENT,
  `name` varchar(255) COLLATE utf8_unicode_ci NOT NULL,
  `buildingregister_id` int(11) NOT NULL,
  `created_at` timestamp NOT NULL DEFAULT '0000-00-00 00:00:00',
  `updated_at` timestamp NOT NULL DEFAULT '0000-00-00 00:00:00',
  PRIMARY KEY (`id`)
) ENGINE=InnoDB DEFAULT CHARSET=utf8 COLLATE=utf8_unicode_ci AUTO_INCREMENT=1 ;

-- --------------------------------------------------------

--
-- Estructura de tabla para la tabla `datasets`
--

CREATE TABLE IF NOT EXISTS `datasets` (
  `id` int(10) unsigned NOT NULL AUTO_INCREMENT,
  `name` varchar(255) COLLATE utf8_unicode_ci NOT NULL,
  `user_id` int(11) NOT NULL,
  `created_at` timestamp NOT NULL DEFAULT '0000-00-00 00:00:00',
  `updated_at` timestamp NOT NULL DEFAULT '0000-00-00 00:00:00',
  PRIMARY KEY (`id`)
) ENGINE=InnoDB  DEFAULT CHARSET=utf8 COLLATE=utf8_unicode_ci AUTO_INCREMENT=17 ;

--
-- Volcado de datos para la tabla `datasets`
--

INSERT INTO `datasets` (`id`, `name`, `user_id`, `created_at`, `updated_at`) VALUES
(1, 'Sample data1', 3, '0000-00-00 00:00:00', '0000-00-00 00:00:00'),
(2, 'Sample data2', 3, '0000-00-00 00:00:00', '0000-00-00 00:00:00'),
(6, 'test7', 2, '2014-02-14 20:51:34', '2014-02-14 20:51:34'),
(16, 'sixth test', 1, '2014-02-22 23:21:22', '2014-02-22 23:21:22');

-- --------------------------------------------------------

--
-- Estructura de tabla para la tabla `migrations`
--

CREATE TABLE IF NOT EXISTS `migrations` (
  `migration` varchar(255) COLLATE utf8_unicode_ci NOT NULL,
  `batch` int(11) NOT NULL
) ENGINE=InnoDB DEFAULT CHARSET=utf8 COLLATE=utf8_unicode_ci;

--
-- Volcado de datos para la tabla `migrations`
--

INSERT INTO `migrations` (`migration`, `batch`) VALUES
('2013_11_08_020047_create_chapters_table', 1),
('2013_11_08_024720_create_charts_table', 2),
('2013_11_08_224538_create_users_table', 3),
('2013_11_14_073521_create_buildingmeasurements_table', 4),
('2013_11_14_082552_create_measurements_table', 5),
('2013_11_29_215240_create_setcharts_table', 6),
('2013_11_30_155542_create_pages_table', 7),
('2014_02_12_192849_create_datasets_table', 8),
('2014_02_13_143307_create_temporalusers_table', 9),
('2014_02_14_171438_create_buildingregisters_table', 10),
('2014_02_15_053959_create_dampers_table', 10),
('2014_02_15_152117_create_bfields_table', 11),
('2014_02_15_202237_add_fieldclass_to_bfields_table', 12),
('2014_02_15_203945_add_placeholder_to_bfields_table', 13),
('2014_02_20_222957_add_axis_to_bfields_table', 14),
('2014_02_20_223053_add_charttype_to_bfields_table', 15),
('2014_02_20_230806_pivot_bfield_chart_table', 16),
('2014_03_10_163158_add_a06kwdemand_to_buildingregisters_table', 17),
('2014_03_10_165512_add_a07kwusage_to_buildingregisters_table', 18);

-- --------------------------------------------------------

--
-- Estructura de tabla para la tabla `temporalusers`
--

CREATE TABLE IF NOT EXISTS `temporalusers` (
  `id` int(10) unsigned NOT NULL AUTO_INCREMENT,
  `email` varchar(255) COLLATE utf8_unicode_ci NOT NULL,
  `name` varchar(255) COLLATE utf8_unicode_ci NOT NULL,
  `surname` varchar(255) COLLATE utf8_unicode_ci NOT NULL,
  `created_at` timestamp NOT NULL DEFAULT '0000-00-00 00:00:00',
  `updated_at` timestamp NOT NULL DEFAULT '0000-00-00 00:00:00',
  PRIMARY KEY (`id`)
) ENGINE=InnoDB  DEFAULT CHARSET=utf8 COLLATE=utf8_unicode_ci AUTO_INCREMENT=4 ;

--
-- Volcado de datos para la tabla `temporalusers`
--

INSERT INTO `temporalusers` (`id`, `email`, `name`, `surname`, `created_at`, `updated_at`) VALUES
(1, 'firsttime@test.com', 'First time user', 'Test', '0000-00-00 00:00:00', '0000-00-00 00:00:00'),
(2, 'alreadyusingit@test.com', 'Already using it', 'Test', '0000-00-00 00:00:00', '0000-00-00 00:00:00'),
(3, 'freeusage@test.com', 'Free Usage', 'Test', '0000-00-00 00:00:00', '0000-00-00 00:00:00');

-- --------------------------------------------------------

--
-- Estructura de tabla para la tabla `users`
--

CREATE TABLE IF NOT EXISTS `users` (
  `id` int(10) unsigned NOT NULL AUTO_INCREMENT,
  `email` varchar(255) COLLATE utf8_unicode_ci NOT NULL,
  `password` varchar(255) COLLATE utf8_unicode_ci NOT NULL,
  `name` varchar(255) COLLATE utf8_unicode_ci NOT NULL,
  `created_at` timestamp NOT NULL DEFAULT '0000-00-00 00:00:00',
  `updated_at` timestamp NOT NULL DEFAULT '0000-00-00 00:00:00',
  PRIMARY KEY (`id`)
) ENGINE=InnoDB DEFAULT CHARSET=utf8 COLLATE=utf8_unicode_ci AUTO_INCREMENT=1 ;

--
-- Restricciones para tablas volcadas
--

--
-- Filtros para la tabla `bfield_chart`
--
ALTER TABLE `bfield_chart`
  ADD CONSTRAINT `bfield_chart_bfield_id_foreign` FOREIGN KEY (`bfield_id`) REFERENCES `bfields` (`id`) ON DELETE CASCADE,
  ADD CONSTRAINT `bfield_chart_chart_id_foreign` FOREIGN KEY (`chart_id`) REFERENCES `charts` (`id`) ON DELETE CASCADE;

/*!40101 SET CHARACTER_SET_CLIENT=@OLD_CHARACTER_SET_CLIENT */;
/*!40101 SET CHARACTER_SET_RESULTS=@OLD_CHARACTER_SET_RESULTS */;
/*!40101 SET COLLATION_CONNECTION=@OLD_COLLATION_CONNECTION */;
